;typeform_id;id;¿Qué podríamos hacer para mejorar la experiencia de trabajar en redcross?
0;000e61947c7d899a;2ytjsswhh7r9d2ytjs9dhd4bntf7nsfj;Aumentar el sueldo no es posible que gente de aseo gane más que nosotros, mejorar la infraestructura da vergüenza entregarle a pacientes cosas que no funcionan o bien en mal dotado. Baños en parto.
1;001c5792237f9f27;ngcnnzupdv7c9cxengcu7ofycwmbi64v;Subir los sueldos
2;00ba03f2fa2a9b56;fapv6xedtnz12x39lf0dfapv6xezgqcg;Aumentar los sueldos
3;00ea877ebe6d3d30;isej6w37jduq6lfihnx3jisej6wv9m5q;Sueldos dignos
4;06a945f05480c397;vmcyhjywjiy79ve0vqmy5nvmcyhjywq7;Aumentar los sueldos
5;0d064f6b16fa5f46;gkolsniopbi7gyfzlulhxgkol2exwx1m;Preocuparse más por los empleados y tener sueldos acordes con el mercado. Además carrera funcionaria. No respetan antigüedad
6;0df29f6a1a2c2109;9v4irrofn1ukj19v4rp81cbx2vehbb7r;Sin comentarios!!
7;18f3a4c74b957726;ojclkgmz75ah3l3htj2ojclywu7dqt15;No sobrecargar a las secretarias con tener la obligación de capacitar a personal nuevo, mientras el piso está lleno de pacientes, el sueldo es muy bajo, y constantemente a uno lo rotan de su puesto.
8;1664a38ebb0e34c6;3xjyxpbdsnw0k2jn23xjyxh39babl2re;Mejores sueldos
9;1bd5455e7fbbfeb9;rx0obp03ipao9r95xrx0o71cc4j5g5jp;Para mejorar principalmente   que la jefatura sea humana,  y no solo nos vea como un número.
10;04e105078153a0fa;ygzxgos309j595qgk6ygzxgjc7bzhn86;Los sueldos
11;1c0722c18d8098b5;twnbgmu6uvgs39cdxzmq6ykefatwnbgm;Mejorar los sueldos
12;1cd8522638b93afb;1r56icxgpg1j3bd8amhdus1kr07w1jj3;"Ir a los servicios y ver in situ cómo se desarrolla cada actividad, quizás se dieran cuenta que no es lo mismo sacar cuentas con una calculadora, o con ideas ""creativas"" en un papel...trabajamos con personas y eso conlleva empatía y adaptación, no somos sólo una ""empresa"" con diferentes secciones, se debe trabajar como un reloj, cada engranaje cuenta, si no el reloj no avanza..."
13;1c8e0ff4f687c6c4;tgk69ihbh36npetpa822tgk69ip0cevm;Creo que reconocer el trabajo realizado tanto en estímulos tangibles como así también en generar una escala de sueldos , que permita a través de capacitaciones , optar por un sueldo más acorde a la realidad actual.Toda vez que los bonos noche y locomoción son muy  bajos.
14;1dd25b3e380a95c3;a744dvo0ddnyxe8hxcua744dvo0pdjns;Contratar más secretarias, no sobreexplotarlas con trabajo, muchos medicos por piso con 2 secretarias, es imposible
15;2b1c9f06ec74d7b9;7lukbnd74a3fn61yy7lu7ew3xombgbdf;Subir mi sueldo, tener espacio para nuestro descanso legal de turnos de 12hrs, mejorar la comida y la experiencia en el casino.
16;224bf95fc7f1749a;sne96a41zlxa4gj29tsney985kfnspdw;Incentivar a la gente que hace su trabajo bien
17;32b39738490e75c8;lstsc7xulqedwxlpp1xqlstsc751b3c0;mejora de sueldos, buenos tratos y beneficios
18;440099d742389597;7nb8qwgnukxxp1efu8t7nb814xp5a2uf;Leer lo escrito en la respuesta anterior.
19;0847ccd0d7c10464;c2lccy0d34k2vj1rc2lceoprccdnk1kb;"Mejorar el sueldo, lo ideal sería que fuera similar a lo ofrecido por otras clínicas; ya que muchos de los trabajadores contamos con estudios de nivel superior, y por lo mismo nuestras respectivas de renta son mayores. -"
20;2fe98dde367f508b;w2g0ocg7773labcsnhkdf5w2g0o9oyqu;Aumentar el sueldo y mejorar algunos servicios, sobre todo a las personas
21;4c30dc805892fd30;8tasyo7la62xxi5hvjqz9q8tasyo7lg6;Evaluación en 360 grados para todo el personal
22;5044ef109c8b5e4f;0corgyrgzaesk0m40cogjznwclr4vs0z;Subir el sueldo
23;09e567e7c79149d7;tcvsyesakdo1qj3zrvndtcvsye1v7gaj;Escuchar a los trabajadores, entregar sueldos de acuerdo al mercado, servicio de trabajo y complejidad del mismo. Mejorar el servicio de alimentación, es impresionante la cantidad de comida que termina en la basura a diario porque realmente la presentación y el sabor deja mucho que desear... es triste. Por lo mismo, gastamos importantes sumas de dinero en comida, ya que muchos tenemos requerimientos de salud especiales. Por último, valorar el trabajo realizado en pandemia como ocurrió en el sistema público con días de vacaciones extra (sin mencionar que los servicios críticos en hospitales ya tienen de por sí más días de vacaciones de base que nosotros).
24;5236aa422b092a4d;c1usrwf9o1e3spagf1c1usrw8xit9t99;"Mejorar los sistemas definitivamente(administrativamente); ya que sin ellos la atención hacia el paciente es deficiente."
25;55933d0e73db16cd;nhrpnxdb28v5v82zxhbynhrpnxd5x1gw;Mejorar los sueldos, son bajos, no demuestran que de verdad les interese el bienesatr de los trabajadores.
26;0b37e6e65eab23e6;1ven4g9zxikr0kv61mt661ven41co4bd;"Mejorar el número de personal que trabaja en el círculo del paciente 
Valorar el trabajo de los funcionarios de salud que realizamos , Y ser reconocidos una clínica de excelencia por la atención profesional que se entrega y el manejo de los pacientes y sus enfermedades , más que por lo material de la clínica 
Mejorar la infraestructura, aún se realizan soluciones provisorias 
Tener una mejor sala de estar , merecemos tener un lugar dentro de nuestro horario de colación presentable 
Tener mayor cercanía desde jefaturas de coordinadora con personal para informar problemáticas del trabajo y realmente solucionarlas
Mejorar áreas y espacios de trabajo , en ocasiones no hay lugar donde estar"
27;5e0e4d47eae4d5a4;m4zn4ykyf0b4rf7umxcb3jm4zn4yky19;Mejorar los sueldos y las dependencias
28;0bb4cab18e76a046;m7jnt7soc9yr1tgifo3pxm7jnt9ny2wa;Entregar bono de incentivos y mayor capacitación
29;7837cf93b028d408;t1u4ud69gmz0vgrdhpt1u4d1ndci3rnf;Preocuparse del personal
30;5e0878998f8f2c98;gfaceg23yknwo58lmgfac8fn5culvrcf;Nivelar la renta, y incentivos económicos por el logro de objetivos. sobre todo cuando son de alto impacto para la organización.
31;7930b8d6d402489a;aqzghn2buym30loaqzv2jeqd51eucdmn;Desde 2008 solo me han subido el IPC, vengo de clinica Francesa, no fue justo que compraran la empresa y nos mantengan con el mismo sueldo. Fui hablar en octubre de 2021 por un aumento de sueldo, finalmente no se logro, solo modificaron unos bonos mantiendo el mismo sueldo y por este motivo me siento acongojada y con ganas de irme.
32;841a71b73be0e68d;k5lex0ttn3zf9tfbhm09z1pk5lexobux;Nosé
33;84b20f9be145b32a;o2np71q91aw2o2np1ahorsx7v7vieo1a;Mejorar filtro de selección del personal
34;5fce8ffbf992aec8;w3rybkztfxsix3p00w3qgjzdafee20iu;Mejores condiciones laborales
35;8f02d1f16419f84d;qr9wzo31tniqp75gq2qr9su7ynqnkcu7;Respetar los derechos fundamentales de los trabajadores
36;1017c80f73d5e695;0k6qsasr9ry165m4a0k6qss41t90m29s;Aumento de sueldo
37;1081fee560f22d3b;rspkdzshbbonm6do961rspkdpocv9soo;mejorar sueldos y sobre todo beneficios
38;97b6d74401d9e557;upo59mf6z16ipreutdeupo59m3fy0lej;"Dar la oportunidad a los trabajadores antiguos de postular a puesto que signifiquen mejoras salariales . Y no acomodar a los amigos o apitutados.
Bono de reconocimiento por año servicio.
Que den becas de estudios a los trabajadores
Mejoras en la infraestructuras en cuanto a lo   básicos no hay baños suficientes no hay un lugar donde hacer una pausa dónde dejar las chaquetas o carteras con respecto al mobiliario es cero ergonómico.
En cuanto a la jefatura se puede decir que en algunos servicios hay muchos caciques y pocos indios.
Cómo es la clínica más grande de la región también los trabajadores deberían tener buenos  beneficio en atención en salud.
Deberían arreglar la clínica no solamente cambiándole el nombre a las torres de consulta y tapando con pintura un arreglo definitivo a los edificios sobretodo al de torre Pedro de Valdivia es horrible. baños asquerosos pasillos parchados ese edificio es un laberinto y las habitaciones son muy feas.demasiados accesos.
Casino para que hablar de la comida mucha gente trae la suya por lo poco atractiva por decirlo sutilmente que es la que sirven acá."
39;1110d5ade2379c78;8qpbtmxs73hcjxq3es98qpbthjmn2mds;Aumentar sueldo. Tener preocupación de la movilización de su personal. Ya que no todos tenemos vehículos personales. Y la alimentación muy mala calidad ya que son 12 horas de trabajo
40;9ad67ac973c2ad17;yz4p3vb09qtco0m2ty0xvszyz4p3vbzu;Aumentar los sueldos
41;1324d6e627cf1941;i3ezu1y678r11di3ekdl6bs0qhhj4d3c;mejorar los beneficios, sueldos, instalaciones, que se le de mas importancia a los funcionarios.
42;156955518b0694a1;faf06d56m3k5qgjn5ghvfaf06d562ufe;Salarios
43;aacb026ee3a7fa4d;ez00w11k4sexpuc9ez4moz54mhlax14z;nivelar sueldos, equilibrar funciones y que los trabajadores sean realmente valorados, de esta forma nos sentiremos orgullosos de trabajar en la clínica
44;614656b669082689;j30nq7we6ppmy6eosr9j30nq7sslihep;"Primero que todo, tener de coordinador a personas que se preocupen por el personal y sus necesidades laborales para que puedan tener las herramientas que se necesitan, contratar personas que cumplan con horarios y responsabilidades laborales
Mejorar los almuerzos y colaciones nocturnas"
45;acda21c8c3eab6d8;pe0o9u694z3uwfk6v1ifpe0o9u6prcjt;Mejorar sueldos, para que uno considere quedarse más tiempo, ser más empaticos con el personal, que realmente sean conscientes que trabajan con personas. perfeccionamiento de cursos de avanzado en el área donde uno se desempeña, no esos cursos de la mutual, que dejan bastante que desear. Mejorar infraestructura, materiales con los que uno trabaja, espacios.
46;bd80ddc2088daf63;zv6m7n0eddewje5w99szv6mi50tq4684;Subir los sueldos
47;18b76535c33f2e1f;3wuq687qdz1g804ek3wuqjp1hfuz01ej;Mejorar los sueldos para todos
48;62b91c52f546a886;2ywqeoa9lirbn7m8amyms2ywqeoikzen;Que las jefaturas se convirtieran en lideres de trabajo
49;193fcfb0d2aa0adc;tb25pzz2d2bqjv3hetb2520ye26xea7w;Mejorar colaciones para los que trabajan en turno
50;d2bf5b4c06284469;yzleuchf0t4g44yzlbbga2ycsc84uz9m;Se puede mejorar todo si hay voluntad, pero lo importante son las mejoras de algunos espacios.
51;d712328b708b5f84;ct38mvvj4jqt26s4ct38m3xztsx1yd5o;Escuchar al trabajador
52;e5f8bf49388f7340;gu5o11sbruo6dgu5oiedov0oqgqozp1i;Mejorar los almuerzos (debo traer almuerzo ya que son de pésima calidad). Preocuparse del traslado de funcionarios, sobre todo en las noches. Mejorar sistema de marcador de huella. Mejora en sueldos.
53;66c835cab893df75;dny9esotku06e47es34bdny9esndxo98;Mejorar los sueldos de los tens, hacemos mucho y pagan muy poco, para todo el trabajo que se tiene que realizar.
54;e86ca32d8dbd1dc7;0xdldcflxn49aeqwd00xdldcfpupwego;Preocupación de personal. Subir el sueldo. Dar atención psicológica.
55;683438e88c44f970;era92jr8l5y441qagcpera9h4wuy68lq;Regular y mejorar los sueldos de acuerdo al mercado. Actualmente personal nuevo ingresa con sueldos similares a los de funcionarios que llevan años en la institución. Eso genera falta de pertenencia hacia la clínica  porque se siente que no se valora la permanecia.
56;724390f675ca7e03;epxzsd8qvgwa9agikepxzs7f6len32wr;Lo más importante para los trabajadores es recibir un sueldo digno, por lo cual para mantener a sus trabajadores deberían, aumentar el sueldo igualandolo a aquellos lugares donde pagan mucho más.
57;79a5e1cda0d9438c;0unpc3b6qkygj316ewe0unpcvtnj0nlo;Que los altos jefes verifiquen cada area y consideren gente que hacen la pega y quien no , y vean quien realmente merece estar y responde con todo lo que se debe hacer y evaluen
58;e89348662abb8ae9;x4nm4fia1541fikevrmj9x4nmiyjdqgb;"Contratar gente competente y con ganas de querer cambiar las cosas y no tener a los mismos jefes como una especie de ""dinastía"""
59;03b7178912e73372;9xyeabdzhrfud483cjevu9xyeabnd7m0;Preocuparse de brindar mejores oficinas y muebles al personal, mejorar los sistemas informáticos.
60;04558006181a5f8b;6r4uq6vls609pd2g6r4uqlgs3huosyfp;.
61;04aacdadff2de4ad;zs6307guy86ri2msbzs6vv69omsxtpjq;Mejorar el sueldo y disminuir carga laboral agragando mas personal
62;05f45fd55077fe01;i5hu12yquokxeke3nqati5hu1z9dg9cr;contratar mas personal
63;06008bdaef52652d;5wj95udxt37hbrm538r5wj95y8257j4o;TRATARNOS COMO PERSONAS, CON EMPATIA, CALIDEZ.
64;1fa76b3ecaa2690b;tjdfkr5jmyse68extjdfkr45dvat7uh1;El sueldo
65;1fdc3344ba6aba79;ocrkb58h7sbe7kb8ocrky198xtfjiyfn;Aumentar los sueldos a los tens
66;07a90a5457a7c55f;1w3a36vhm2ppnaun01dvpa5v1w3a36ud;Dejar los sueldos nivelados a nivel de mercado
67;07f1ab0d412cd89c;4viwbyj1zaf0vtul54viedoxobibm6iw;Horarios no tan extensos y menos carga laboral
68;21d6044d26f8b262;vw29qkslcymhluuapwa6vw29wg9yiypu;Mejorar el trato hacia el personal. No hay estacionamientos seguros, cercanos en los turnos. Nos exigen mucho y no nos felicitan. Se nos mira feo cuando queremos pedir un dia o vacaciones, que es algo legal. Se nos presiona mucho con el tema de ingresos, pero a veces no damos a vasto con los pactes que ya tenemos hospitalizados
69;082f1f932b0b909f;7rs5qz28lsj7vfxem7rs5qz24kydrmbh;Comunicación en los grupos de trabajo
70;098ec3b4a9bdb8e1;zc18zv3x8t5n31mqhpc5zc18zv3izyyy;Siempre hay cosas por mejorar ....en el Dia a Dia se presentan actitudes de personas negativas que sólo trabajan por necesidad  y no por amor a lo que hacen ....eso me gustaria cambiar
71;80b974800d691983;ath6kae49j9vgbb0ru6yi6ath6kndipy;Cambiar la coordinadora de las Tens, por una persona más empatica
72;0a9bdb33468b13b9;ly96sl3966ag8yx55ly967i9hgbpkt03;.
73;0b7311aafe82a368;yqy2o6n5489yyqq209vtf7tebtfjuikb;Evitar los puestos de trabajo en forma jerarquica, es decir que ningun funcionario sea superior a otro por su lugar de trabajo
74;0bc75e93e907ee00;jxuepih2jh8zb0tf1qe27jxuepih27lk;Mejorar sueldos y un poco más de empatía con la carga laboral de cada piso
75;25dac052c85236a5;6iyktqy29hv6r6iykg2t10as7uphqs9q;Mejorar el sueldo, sobre todo segun CV. Desmotiva que pasen años y siga siendo igual
76;0d641e2f313491d7;l4xhevgxmo3mbi7l4xhev7jch2fst24f;Entregar cena a turno noche, variar opciones de alimentacion a pacientes.
77;27917a5981fc03af;01aq2ihm3f25sgaspm501aq2in5dqkix;Mejorar la calidad… no aumentar la cantidad
78;0d99795d182ccdc8;8jgvbxggo5gocd1vxh8jgvb0f3ah387l;Seguir dándolo todo y que nos sigan apoyando mucho más en nuestro trabajo y que sigan confiando en lo que hacemos a diario
79;28dda7724b52be97;xu3vpzcjciapnm56ksozcvixu3vpzcao;Reconocer el mérito, mejorar los sueldos
80;0fd7741f899589cf;k2h7oqzg110nnpn84jg97ns09sk2h7oq;:
81;110e324eda8b5ec0;k0sdnnf5w8xvkxe1hfbk0sdnnkvrt9ru;Mas Oportunidades para hacer cursos
82;89505b49362c0ba0;4sg6ns9ger8gkfps4sg6nwshy1yqxpsf;.
83;12a62977834e93d9;akg6ggpbsv2j0cn6aruzgiakg6ggpblo;Realizar mas cursos para el personal para que estén mas preparados de lo que están , mejorar los sueldos , cursos de relaciones personales que son muy buenos , como enfrentar reclamos para poder solucionarlos y el cliente se retire satisfecho por su atención
84;911b955f7a75c5c4;f8wvcjhd1ar5htweuf8wvc25adwalssn;Valorar la experiencia y los años de servicio mejorando la remuneración económica
85;2b58ad3493a368d5;imji0ftid9677imjb42z774i4lqfwvcr;Otorgar mas beneficios al personal y tratos mas cordiales
86;1586a5dffa3bf098;sb8vkl9x0a2s88vo0sb89hjkfntzsdu3;Creo que reforzar las áreas más débiles , generalmente en los puntos débiles que todavía existen.
87;9bb318482fcb4f10;grcsl4mh2n0wg4e8on2bgrcsf77mg3n2;tener jefatura mas empática con sus colaboradores, preocuparse por ellos y valorar mas el trabajo que hacemos
88;2cd65a235492baaa;shp6nr6dncmvmkikhgshp6nrsw4l6xrv;Los sueldos y beneficios para sus trabajadores
89;16342bb2b55655d7;qc08yer9zmpzzxkiuneqc08yxuhe9ojj;Hay áreas que tienen jefaturas deficientes en lo humano, es necesario hacer cambios
90;a6614b9b0856136d;63srots3nws1g0dl8y63srowjk8yct6k;tener un sistema operativo mas optimo , comprar un super servidor en informática  y que la jefatura apoye mas al personal , también algo muy relevante los  sueldos mejorarlos .
91;aac0f74ad85e8088;utvnk0td7f2nzqdofa6xutvnlih64px2;Cambio de coordinadoras y jefatura
92;2da2f73bd8e209c2;wjc6zsidq1lmm2cwwjcqt6rlfd3hp0qc;Reconocer nuestro trabajo
93;b017f5338b767f82;fr03jjf92yg2lkcc4hfr03ahpacez7kw;Subir los sueldos
94;2e48a8358e91a70b;oagowsqh4zn6n0eopykdoagows1h7gpb;Aumentar los sueldos a uno Justo con el mercado y otros centros hospitalarios
95;19c89bd4d179af34;8ouzthh1s8j48ouzja5a2ruwz1q074te;Netamente sueldo, ya que en general se espera de una clínica que pague más que el servicio público. En cambio acá se paga prácticamente la mitad menos que cualquier colega de hospital y tenemos mayor carga laboral porque hay menos gente y los insumos son de peor calidad y baja cantidad
96;1bd03a3401c9d8c8;fuz57zsah5yf56jakfuvl9sj2lsc2k2i;Que las jefaturas se preocupen más de las personas que tienen a su cargo, que gerencia este más presente, mejorar infraestructuras, mejor bienestar para los trabajadores y sus familias, etc
97;bb8db6b7f2bcb14b;95oebq112oj79kqmeam95oebq22capzq;Evitar las rotacion de personal y cambios de turno
98;1e1e2e819d3628f3;lhb7vhicrbcwwjw8rv4lhb7xi5cgd7dy;Creo que hay q mejorar muchas cosas. Ejemplo el almuerzo..
99;1eccb2117744acb2;7z7jf98wmjo9unb97z7j5w3zw7ebosxl;Mejorar el sueldo
100;c4fc7cfa1f6e778a;y7jc086bmrc8o3x2sy7jcsc7299qkgaj;Subir los sueldos
101;2ff1875854f8864d;9widljjl969bj60mqfm9widlxls8ygtk;Real preocupación por el recurso más importante en una empresa el recurso humano , trabajador contento y qye siente que se preocupan de él  empaticamente , da todo por su lugar de trabajo y equipo fn momentos decretal necesidad
102;c5f20d49be8e6c2b;ai8gcku4t47frsfvh1vzgai8gctj4ssp;Subir sueldos, dar reconocimiento a trabajadores, mejorar la utilidades o ganacias con sus trabajadores, el almuerzo es malisimo, y nos dan solo un comida en un turno de 12 horas
103;c66f1067d749fea0;9690afi1dpgv1wxs9690ftirb8q9odjg;Mejorar los sueldos a los TENS, no puede ser que ganemos tan mal y que nuestro sueldo sea el mismo que los auxiliares de servicio que sin desmerecer su trabajo ellos no estudian para ejercer su oficio y por ende no se endeudan para poder estudiar. Se debe valorar el trabajo del personal que estudia para poder atender a los pacientes y subir los sueldos tan bajos. El sanatorio se caracteriza por tener los sueldos más bajos de la región. Y el prestigio que tiene es gracias a sus trabajadores no a sus instalaciones. Pero nunca lo valoran como a uno le gustaría que se viera reflejado en el “sueldo”
104;315dc46a34346854;610eo4qna42a6tys6610eoj74rii8x16;Mejorar los sueldos y las jornadas laborales, instalar una zona para que las mamas podamos extraernos y almacenar nuestra leche materna
105;1f266a843dd7f45a;n03j5xz0ti2k64wtmin03j5tfis8p2xu;Realizar más capacitaciones
106;330602dc467f5b16;z09wt0a6idbg4g7z09p8mi7dr0ze6dut;Aumentar los sueldos
107;1f30eebe3d5b3f1b;gnwmzlo0if0ektq8hg4gnwml9osfs2ih;Dar oportunidades de ascenso y reconocimiento de estudios , por la experiencia de trabajar más de 10 años en la organización .
108;34de6b623bbd4aab;ujlv6ob8xxdycb6kcujlvufve0t3tu9b;Tener más apoyo laboral falta de personal en servicios de paciente hospitalizaso
109;1f7d0366d461fb27;27e44eq3y7rjl31m27e46grewzh94kg3;La comunicacion interna
110;c9236f481f512656;pv1szrydk3wccw3denlupv1szomlt7cw;Mejorar el ambiente laboral, que sea mas cercano. Mejorar espacio físico del laboratorio que donde trabajo
111;3599a37422844a6c;ffe865a3ud1ph1cyr4angffe866ad1s0;Oportunidades reales de desarrollo de carrera y trato a todos por igual, no el trato diferenciado a personal médico
112;35ba11de83e5d83d;q8xchb8pjk2qfzq8xch18ul5qbrc29a7;Ajuste salarial según el estándar nacional
113;203eecae4cbd6934;q8jklropxq5pbbq8jlocfrzn3xgs6t2k;Dar oportunidades en otras áreas
114;374a1c890fa3a506;vwq6aax960t9vw7hk3ekbvwq6aacf59g;Empatía con el trabajo realizado
115;377fb56124e3b1d1;monsntbt81p84fbq8monsntw7zmqjdso;Más beneficios a los funcionarios
116;cb171cf18483c64d;mbtkh1knfdz5mbtk2rf2fhflep4b2rf2;Dar mayores beneficios, aumentar sueldo o generar bonos en base a cumplimietos, preocuparse de recepcionar y tomar medidas en lo que necesitan los empleados. Ser cordiales y cercanos. Preocuparse de tener personale suficinete para las labores, y no explotar a una persona al quedar sola por licencia medica o permisos de sus compañeros. además de bajar la información de lo que se espera de nosotros como trabajador, no tratar tan despectivamente.
117;ce55888a59030186;4hkzmh8ge3z1rwxy6y4hkzm50gp2o4yw;Estar más informados, de los problemas que existen en los servicios, en relación a la dinámica de trabajo y trato de personal
118;39ed42e6434e4d78;7uidkf6a8yffsbfaxqi7uidkf6hjcpg1;Que se preocupen de las desigualdades de los sueldos, tener mejores beneficios.
119;3a3544eda98692dd;coi4fxogqac2chqcoi4fxog6vqulwmlz;Aumentar el sueldo
120;3ad4482b2ae59d89;64i3lux5ncbsmrqc64ia1xqg26cahizn;Mejorar la cominicacion interna, y es necesario el apoyo de jefatura en cuanto a directrices, estimulo y felicitaciones
121;204010bc95fb0aab;a7wujy1cibumx9a7w0i775ett1pd87tk;Tener más garantías para los trabajadores y mejorar las negociaciones
122;d19d8ceba625ab20;voyf1ilzcqjdlyehw0voyf1il6jg3eok;Subir sueldos, mas beneficios, capacitaciones al personal, mejorar la seguridad.
123;220f499e064f76da;nqdhd4b5sip00nqdhc1quyonb91sphc1;Sueldos acorde con  costo de la vida
124;243da7c39243a420;59pf5xycw3unfjnu59pfmkry690cypbj;revisar y estandarizar sueldos según mercado
125;3ded43e436f2b822;4s3m77oa1vwmcryofus4s3m7tuddjyp2;Destacar la antigüedad del personal. En remuneración o bonos
126;d43b7fe2c2c61083;0ktjqk67fuvhif0ktj9wyddgmln1yabk;No hay régimen de trabajo las personas hacen lo que quieren, mucho desorden, y poca consecuencia.
127;d8b0e49a02e8b2e5;3c8lieol32tacc3z3q3c8liej8kbkngh;Mejorar los sueldos, mejorar y agregar bonos y pagar especialidad y trabajo en uci
128;e0c4ce3e27fa6be4;g01sff4b1pj2mbwvg01s59zdz1wewn5h;De esta encuesta quizás salgan ideas.
129;246b39259b9683c8;4gpkgw2iywr7lvfk8qudv4gpkgw2irqn;Mejorar más el sueldo
130;24eddb4516d2a9dd;dd8fxg8o2v5jypl2on7ywpdd8fxg1pky;Trabajo en equipo de todas las áreas , comunicación efectiva hacia las personas que realizan la operatividad a diario
131;42cbfce2056f8a9b;xz79g9gqhflom8l79nxz79lfuiyrc3uh;Subir sueldos
132;26606d2909d41edc;o8tw4pgg2hqewmt9fkjo8tw4ldkqu6x4;Continuar con el trabajo en equipo  y con mucho amor ami trabajo
133;282b491b1f3b1409;dn9n3spjeufr6bpte7cyfe9fdn9n3spj;Facilitar la movilización para los que vivimos lejos
134;eecc26fc5b8a8ca7;vmtefi9qlyovmtht1igy3sd2kwjjls4r;Los sueldos,evaluacion al personsal,reconocimiento a la antigüedad,todo lo wue significa preparar todos los años al nuevo personal
135;29f5ab8619bde676;j7mzc6ugu2g6ag4v4j7mzw3pc27mwiu4;Su infraestructura
136;2a03668c1593ee25;lgsapogtyrv9caxvsg0bolgsaogjt55b;Mejorar los tiempos de atención en consulta médica y urgencias. Y brindar mejores espacios de descanso para los funcionarios.
137;2b40df7acaf3b13c;o9up1582h7m1kj6ur0o9up1o2uqfv9gd;Generar encuentros de participación en diferentes ámbitos de la clinica
138;f47b358d7868c8e4;vnsl75l89sm8xk94g1ou2vnsl752vrtn;Mejorar los sueldos, ambiente laboral, jefatura más empática,  mejorar sistema  informático de consultas medicas
139;2b95158343ddf623;wqu2a1nkd50ry7cnhlhwqu2a1ak7sadd;Aumento de sueldo
140;468383826b346829;k96hdh21acug9jlak96hdb5jctyh2xyx;SoyTens UCI adulto. Subir el sueldo
141;2cde5fb194144fe8;iswqgfskd7w338nc7ihl8cl52iswqgfs;Mejorar los sueldos de tens
142;46c192c4c27b5e0e;hc0tu2zimnwlm4gl1t7hc0tu2mr7yvye;Mejorar los sueldos, realizar PCR gratuito a personal, sobre todo de enfermería, cada 15 días, mejorar colaciones para turno de noche, aumento de personal de enfermería competente en área hospitalizados, mejorar seguridad... Etc
143;47e82551dcddf692;nmx1e9ilcnjlkeodkcotnmx1ek8sqpgu;"Preocuparse más por los empleados y la calidad de atención que se brinda a los pacientes.
Valorar el trabajo que se entrega como trabajador viendose reflejado en los sueldos"
144;47f44fdae275b68b;sp8u67m4x5lll2sp8h4k63cnwo9g3bg1;Que nos den las herramientas para trabajar mejor.equipamientos y mejorar en la atención administrativas
145;2e70a969a27ab805;v6jhm0yatygktjp9j0av6jh66y25n4yg;Mejorar el sueldo
146;48480bfca4787344;qw02z16xpy6295hr38qw02z15ta5u6dz;Subir sueldos- Mucho trabajo poco dinero -
147;2ea417edd3fc4560;nx0yw9twwbhtq1isnu8fnx0yw9fxxp8s;Más extrictos y pedirle más compromiso al personal nuevo q se viene integrando para hacer un mejor trabajo en equipo
148;2fc890cf7a13ddcf;di2ga36mtdefxxqf3zydi2g393ek07dg;Que la organizacion de compañeros con el lugar de trabajo lo respeten
149;2fc958de2c9bfe86;sp02ueeakdqzcsp0ab8rgjpqw4bqebf2;Calidad de sueldos y escuchar al personal
150;f92d55d6920e2dcd;leqceuevcaf2692oet9leqceu8z457lu;Hacer que el trabajador se sienta y vea que es muy necesario en su puesto de trabajo...que se vea reflejado su esfuerzo y entrega en su remuneracion.
151;333d3cb7f6b5feee;q2vt697cit07zlbgnq2vxln5bpxm59sm;Mejorar los sueldos
152;02ba061432efddb1;eibkdlgmlczs9751dg5eibkt7ycapwr8;mejora en equipos computacionales, en oficinas con menos gente, mejora en sueldos y dar cursos a funcionarios de contencion para atención a público.
153;02facaa3ed0265e9;scq8tm6wsrvuwwkw8scq89zhxhsv8507;"Estacionamiento para funcionarios de urgencia. Vacaciones compensatorias.
Equiparar sueldo con servicio publico"
154;04322a95d52d8599;s5lg3gxq3a48zq0qctz7npus5lg3gxj2;Tener mayor reconocimiento por la experiencia y antiguedad de los funcionarios
155;4cb3a4330151798b;p6xtlk47gz0znjtp6xtld2e66yod9dhw;Mejorar atención en sus trabajadores
156;4f326f152d0f0c1d;y07ec562fosrfvbpy0aev5l2j8ry7pep;No considerarnos un número
157;34edf60a64049817;lu9by1rk69b8ze8ilu9bbnp3l7jz14xz;Sueldos
158;373991215d429014;xssgoht67holxdf2xssgo0do64zxij2y;Trabajar más en equipo siempre mantener el respeto entre trabajador y jefatura .
159;3af079f6801949b5;y49uzg4vk3ioezjtt9v0a8y49uzg4fqk;Seguir siendo activa y motivada en mi rol de tens
160;51de4a78df52333e;js4d158nou4sfiw5ev5js4d7jnztp3cv;Valorar el trabajo y compromiso con la empresa y aumento salarial
161;3c42ab37b6fdadd5;ar7b09n2sf9wyxv3ar7b09lfzp9q2qm6;Colocar buses de acercamientos entrada y salida laboral
162;5252668d32cc65a5;noh97cxsphjib8vvcbocnoh97cignyrz;Aumento de sueldo base, mejorar alimentación y colaciones
163;051449696450b614;dt4kzoynxz6473su2y7ntdt4kzoyn4ox;Mejorar los sueldos .
164;3de7cff3d7b9d972;of49oeifnofcnzlofvbpwwhe62a9rizv;Subir el sueldo, arreglar horarios de trabajo, mejorar alimentación del casino
165;05429337e95ead4a;kv17vptnyiiqakorkv17vk6s532ty2jn;Remuneración, colaciones y locomoción
166;553e044349da48d6;gnu524o967ees3lhc4g41gnu524opjo1;No lo se
167;08c176eff933d764;sk5z679u2b9wbky9sk5z6hrski2oo7g5;Mejorar los sueldos y aumento de asignacion caja
168;090e4c5e2e706f51;885tb5rk3puo8c9885tlpefdpq2c33kn;Mejorar los sueldos, mejorar la infraestructura para trabajar del personal administrativo
169;0aab22950258a931;4bw3bybu6s5jfok0sgr4bw3byvpx9xsf;Mantener a su personal de trabajo más conforme con sus SUELDOS por todo el trabajo que se realiza
170;4134209760f55e9e;h0r32inhpo9c8np2bh0r32685azpvydv;Mejorar casino
171;57a73797c2a14643;p3l3qmada74gwpqsek1p3l3uwqx0rl7j;Mejorar los sueldos y que la jefatura  realmente te escuché
172;57edff4290edf063;egdwpsbqc9oou6b4miegdwbb8h2trpc9;Mejorar los sueldos
173;598e19fc481e40e0;hfqc3f1orbd5z1kgu1kv7c7hfqc3f1av;Subir los sueldos
174;42806c49fca19b0f;8w975ielqbqzmxm8w979vmj4u021iuph;Mejorar oportunidad de cargos para de esta forma poder ofrecer mayor estabilidad laboral, mejorar oferta salarial
175;0f52cf655800f4e0;bphikc3eycxkr72e8sbphik703yupr8a;La remuneración de tens
176;42fd0310f661e37f;6n24ngtqp54xyo6n24oxtjjccb4zdca8;..
177;4349d0a09879d2f3;yoe396gj80yoe5cyb7ngusj697amhlia;Tener un poco más de  preocupación con los auxiliares de servicio ellos son un gran aporte al sanatorio alemán
178;15f96371f4700109;o60expl741d5kuo60exfwm327628chh6;Mejorar un poco los sueldos
179;1d33a386c1b32924;q2seicp0uu8dmrpmmqplq2semwt6ytp2;Que el trabajo y compromiso sea valorado.mejora salarial
180;44dfdf0a3670d9d4;rwt9el6h4zvtji1pljpthrwt9el65ds7;MEJORAR SISTEMA COMPUTACIONAL Y REMUNERACION AL PERSONAL.
181;45684000165523a0;cpvshlvrzqer5n6dcpvs6qnfsobvr7wz;Aumentar el sueldo
182;5e80bb050529e227;fewk705zyhrjuyfewk7xq7zncsyaw9n9;Mejor la seguridad,  hotelería, más apoyo de parte de la coordinación, mejorar sueldos
183;1dc9b18f3ed71fbb;89goigyeow202701u2z89goigqe6pav4;Tener un poco de privilegio al pertenecer al sanatorio al momento de ser atendido en las instalaciones
184;2306ea825405a747;7xr2dhx0nugzoig7xr2dpwqdg7t7p0x6;Aumento de sueldo ,estimulacion economica
185;46022a4bc26da75e;o4vq62rdn4ervl7fu23hlo4vq62ren80;Tener un sueldo digno ya que con toda la carga laboral que hay y poco personal no nos da abasto, contar con el apoyo de nuestras jefaturas para poder tener los equipos en buen funcionamiento y una buena organización laboral
186;2b4b7076b1fff1a4;ecvgkfa5oszkb29devwuecvgkl5m31pv;Poder tener estabilidad en tu lugar de trabajo, no tener que rotar tanto de lugar
187;2c39d2ea04dfff4b;3dg1oshcm75a4k8e3dg1r4eze1965vow;Aumentar los sueldos
188;2d10b21aeb0707ab;venv4umdj0t1ebhnvenvchbnmozto2e5;Reconocer desempeño, mejorar rentas, invertir en bienestar del personal que atiende público. Realizar de estudios de procesos asociados a cada cargo para determinar la carga laboral.
189;2d2fea85d8798c2e;xik3xoakv3vg0bpx3jarqgxik3xool33;Igualar los sueldos de los colaboradores  y mejorarlos .
190;633b6a6787b41f5c;4zrte8vj6e0wuhk4zrte8v6nw7j16esw;Agregar tal vez un módulo nuevo para atender de manera más eficiente y rápida
191;2e1e100ff7dcf3cb;hpj57dhkumuqcaqemhhpj57m8ibqxndb;Mayor incentivo económico, capacitacion del personal y preocupacion por el personal
192;2f5ba121b76f2917;fyr1g4g7qs1qlqm6070bamfyr1g4gofh;Supervisar las jefaturas
193;65800381ea1d7062;k6ehyk87fyprmtogk6eva0q680qo3t4g;Mejorar los sueldos y valorar al personal que lleva mxo tiempo  y que las jefaturas conozcan más a los funcionarios  que trabajan acá.
194;30421b8602f92282;qd1x8lucz9eoqn8tejndqd1x8l74cmhy;Poner estacionamiento para los funcionarios subir sueldos alivianar la carga laboral mejorar el almuerzo a los funcionarios cambiar jefatura directa por algo mejor
195;66cf0238575d0980;2txk8ijx95b4f52txx2o6l8o23pgmscf;Evitar la sobrecarga laboral,escuchar y observar si el personal está  cansado,mediante retroalimentación, y escucha activa.
196;468e1139b574cd2d;m546w1sxedm70g7xmds9m546w18mlo3v;Aumento de sueldo
197;482e1d2b685e2add;rwne65hv4lr2pnxqgrwnm1jfjbk420u2;Mejora en los sueldos de los trabajadores
198;3079ed5ed6ca4c7d;x0obn9lfi6wkakx0obn1v91y0w7g3u5p;Mejorar los sueldos que son muy deficientes y no van acorde al mercado
199;69752e43fd11689f;fg1k7vmze2lct3kq6bg1ufg1k7qgu1ul;Valorar la lealtad y compromisos,  con mejores sueldos
200;48eb10e5b5542e0a;8l0ykzh40tmoruy418l0yknvnlw9gzh8;Entregar más herramientas para desarrollarse como profesional a través de capacitaciones
201;6b92de58a3dfb914;3inmfveblfcsbxm5s3inmf12pthvr176;Hacer más actividades y capacitaciones para el personal
202;6c8e3dfb4af70455;x5z68n7cqr5vtetx5z6c276dtxom84n9;Aumentar los sueldos. Son muy bajos.
203;3505a9ade5a37e72;dltxodmli48hlxoz8xl54ceqldltxodr;Preocuparse más de los colaboradores, actualizar los sueldos
204;39c35adfa5ee72fc;p9lrph2vhmwzvyb4jp9lrxxmsysu7v5d;Mejorar los sueldos, tener más beneficios en tema de salud al uno ser funcionario
205;6da56a3763b688e6;c7mkauctoks5gc7mjebpyyholvd5pjeb;Mejorar los sueldo, están muy bajos, la mayoría de la gana más que nosotras, en todo rubro de trabajo.
206;49b7e04f7ce6d269;m5hopu8yqtk9rqlop58m5hopuadtcpuc;Aumentar sueldos, aplicar gestión de proceso de forma más activa
207;49d3640b02dc598b;zdcwa98pj0g2legs03uzdcwa98p1apvh;Poner trasporte para los finde semana y feriados, subir poco el sueldo
208;39eb85655eb78657;3n0mb9sqtwk5fx3m43n0mb9hl16kd9j3;Seguridad del personal ( los vestidores)
209;49f4476e0eccc39c;26rgsu4ks6zpba8726rr3he2muuanedy;Tendrían q mejorar en unas q otras cosas
210;5172aeadc47cd7a1;ql99yahia7vtg2iv5e84qql99yd8ot2j;Mas personal y reajuste de sueldo acorde a las ofertas del mercado tanto para tecnicos como para profesionales
211;708b6f95c0642f6c;s2td0o89fk1rkxfazs2td0ocz4phl5kz;Aumentar salario
212;51815dcbb97e0d5c;n2jqiuashh56tn9ln2jnbgvbjk9l9sdc;Valorar un poco mas el talento profesional, ya que existe mucho talento dentro de la Clínica, que podrían ocupar puestos de mayor responsabilidad y compromiso con la organización, evitando así reclutamientos externos, y a su vez sirve de incentivo para el personal, para mejorar tanto su responsabilidad, como su preparación académica para la misma.
213;3bda15e28c850e3e;k0tpm2zpheqslpio9dek0tpm2z12klc7;Que mejore el salario
214;3efa57becff9aab9;q13e1ln72xjii6nq13qahige8bzhn3i1;Implementar procesos claros y tener un sistema integrado(softwere)
215;5455203615d29949;akb2uu8tct4ct1wtyjdcpakb2u2y861s;Mejorar sueldos
216;753db96b8bb4260e;bi8m5xk8s0xffb2bi8m5x3r7w0kkwbsv;Segun encuesta dicen q clinica hace mucho por nosotros ,no se a que se refiere ya q no tenemos ni siquiera trato preferencial al venir como paciente a la clinica siendo funcionarios,que seria lo minimo,ademas,en relacion a jefaturas el trato no es  igualitario para todo el equipo de trabajo este varia de acuerdo a la simpatia que se tiene con la jefatura no por cumplimiento,responsabilidad etc.
217;75a92b7ff65cf4c1;o7pld3y0mtl9o7plvyuc8y1dwcpf8fvy;"Mejorar loa sueldos, están muy por debajo del mercado.
Mejorar el entorno físico de las áreas comunes, sobre todos para paciente s y funcionarios. Pagar horas extras por entrega de turno, o por lo menos fijar un tiempo especifico de pago de hora extra (30 minutos asegurados como hora extra por entrega de turno, como s escenario en otras empresas). 

Casino fe alimentación muy pequeño para la cantidad de personas"
218;56bd31d10e11e1b8;r3sk48axb6fduzurpfenr3sk48axbbvy;Más instancias de capacitaciones
219;760e4dad62268838;zaw1fimhsy6xee7knzawa4s24c78gdtn;Que las jefaturas, consideren la opinion de sus trabajadores, o que sean respetuosas al imponer su jefatura( habilidades blandas o que realicen cursos de liderazgo)
220;3ff3b5a3abbd25bb;vlkvjn8xmekgbg3t00xlngjvlkvjnavb;Mejorar sueldos para los trabajadores
221;76e10d8c40b82aa2;5slrf7j2ctoix4vtdv5slrlacdju5t4i;Mi jefatura directa no escucha a su personal y te rotan de lugar contate ente eso te estrés mucho
222;76e940805bf9d57f;748fk4cy1cjvgsoy5ieni4j748fk4cym;Más apoyo para cuando se requiera cubrir a una colega ya sea por permisos o licencias y si hay mucho movimiento.
223;40e8ce631278f111;tq0nf7otz1fxrzq4tq09868s2s21qmkw;Los sueldo al personal mas antigua
224;7814993f5845a880;hm6vsdu4uus4govmhm6vsd624ib65643;Solo nesecito que se nos reconozca como técnico en enfermería y no como paramedicos en nuestros contratos así nuestro sueldo cambiaría...
225;5b2e48526466793a;d0nrt7iso306ypxd0o59v4nkb8rrteqg;Reestructurar los tipos de pacientes que ingresan en cada servicio
226;5c1a189c0c23ef27;2dcklxytg4f8zuhnto62dckt9te840bx;Subir el sueldo. Y alivianar le la pega a la jefa para que no ande tan estresada.
227;5d6ceeaa1bcbbe22;ntewpwoo7ew2zonterifhgur89mixatl;Que la información entregada a los colaboradores sea una para todos por igual y se refuercen los cambios de las indicaciones para así brindar un mejor servicio a nuestros pacientes , así no se generan malos ratos tanto para el paciente como para nosotros el personal .Generar espacios para los colaboradores donde puedan tener unos 15 minutos de pausa dentro de la jornada ,para tomar aire y así renovar las energías para seguir laborando.
228;5e12e4f9fb3e7a30;kzpc6a9cqp15wxqf1xrkzpc6sb0848vh;Mejorar sueldos
229;6130851f755e1818;641kdm6836yf2vmv5wawgcm641kdm1oo;aumentar la remuneración
230;66e384bcf4bb88cc;3mjo1e1ady7q1ly4099ispx3mjo1e3r4;Es una institución muy grande donde deberían haber mayores puntos de encuentro de los trabajadores para poder conocernos mas
231;675a88e1dcfac784;ohrdnzkv1pr7aw534c1ppdohrdnzcub8;Mejorar los almuerzos  y colaciones  del turno de noche
232;434f98ad2a398660;m56rd8y3zlz70wx6e4sxa9rm56rd8yf6;Mayor empatia y apoyo a su equipo por parte de la jefatura directa, mejorar el trato al personal y la forma de como referirse o expresar sus ideas y opiniones. Que sea amigable y receptiva en la forma de recibir consultas u opiniones.
233;79bac639f81a161c;pjxy63n914guk88262bs6opjxy63tbgs;Bonos por cumplimiento de metas o bonos por producción.
234;6b8f27a2856faf63;u3nruhzcnw4shy1hree0u3nrucl6mrs2;Pensando en el personal que recién se integra a la Clínica, sería recomendable, generar trabajos grupales para afianzar lazos con los colegas con un periodo prolongado en el servicio, en ocasiones se generan brechas generacionales o poca tolerancia con quien tiene menor experiencia.
235;6df621f59acf69dd;8x2xm9dr7dfun5lai8x2x9s77ngqdgmp;Mejorar el sueldo..es muy necesario
236;6dfdd925cc87d088;zj5589rd9hjdcyzj55t3c4e4hr3mvxpf;Subir el sueldo
237;6ef5d0a80cbdf1d0;bkapibj5xgxbkapi8nzc2vwyddy1n9vf;Sacar algunos médicos de l Uci adulto, son un peligro, mejorar la relaciones interpersonales y no separar las personas que son cercana y trabajan bien
238;6fa4791fd736e4e1;nj9i095otk9q3rd8muutxlonj9i095z5;Mejorar los sueldos
239;4600c0f80f7b6dca;ztbob5o4pbpatd66zztbobewc8kn6h2g;Yo creo que que la calidad humana es excelente ,el trabajo, que ejercemos es maravilloso ..yo estoy MUY Félis de trabajar en el sanatorio alemán,pero vuelvo a decir los sueldos de los técnicos de enfermería debería aumentar No ganar lo mismo que un auxiliar de servicio ,yo sé que son personas importantes , pero tengo compañeras que están pagando sus créditos de estudios .y no es justo ...nos merecemos un poquito más.gracias.
240;7111ac907cd56805;w9wopfdyqq2gist3vw9woyk7h2f4fyxt;Mejorar remuneración
241;49f37a2d5034bf8c;9yb8qs8thq1ph48m3j9yb8qsw0s3zwnm;Subir los sueldos
242;4a7d9c7adef5a451;w168vlp8ru840rbxqw168nah7qkwo5il;Tomar en cuenta la opinión del trabajador antes de generar cambios me agradaría dejaríamos de sentirnos  números facilitadores a ser parte del progreso,la comunicación directa de vez en cuando con nuestras jefaturas superiores ayudaría a generar confianza y compromiso.
243;4b0b50c335d3115e;95wjlzwlj2qwhwmg95wjl66373u782t7;Tener más reunión con Jefatura,y acoger las inquietudes del ámbito laboral.
244;737475959a9aba1e;b5pxzpwtjprqrntrps280mpb5pxzpwsx;Mejorar estacionamientos para trabajadores (autos y bicicletas). Solicitar estación biotren en el sector.
245;75ce0c762cbf0fb0;74mzzotzu7n15ak5a74mzzor09m5xj8t;Estabilizar la planilla de funcionarios
246;7818693d58f444c2;3hogs6uygre3t3fy1uzc3hogsa1scakf;Un bienestar con mayores beneficios para sus colaboradores planes de salud mental y  mayor capacitación en sus áreas a fin
247;843400c340c5a37e;6dx3edzim5u7vxun196dx3edgaszdce9;capacitaciones relacionadas con las funciones, mayor comunicacion con los servicios mas fluida, mejorar los almuerzos la infraestructura de los comedores, y mas beneficios para los funcionarios tanto internos como externos, dado que es una empresa grande.
248;789ed68ad6fdf403;ydng2sv44yzeh87fofx2ydng2sokmv0o;Dar por los menos 2 uniformes, ya qur con 1 solo no es suficiente, mejorar un poco la comida ya que la mayoría de las veces no es tan comible, aumentar el sieldo ya que tenemos muchas responsabilidades, del resto estoy muy feliz, gracias.
249;8516741df0b8c6c2;c3jl4d3z7ebqb6ad16bbc3jl4bualkcx;Mejorar los incentivos al personal de salud
250;530107d98375acc1;zpwrft1rmf111jnbdifhdzpwrfta42bv;"1.-Mejorar sueldos, 
2-ofrecer bonos por desempeño en algunos departamentos según evaluaciones anuales de jefaturas. 
3.-dar la posibilidad a trabajadores de mandar felicitaciones o agradecimientos formales por vía de la institución y copia a la jefatura, de esta manera fomentar la colaboración entre distintos departamentos de la institución, además de formalizar y enterar a la jefatura del impacto del trabajador en la institución y distintos servicios."
251;7902d384ed8a4ee9;jizt6pvgvzh4461atvwvovjizt6p2i2g;Que de vez en cuanto se escuche más a los trabajadores que a los pacientes, ya que, no todo es responsabilidad de las secretarias, hay muchos conflictos que pasan por error del sistema, indicaciones del médico, o porque no está bien señalizado algunas locaciones
252;796da15433395b7e;ycrqvyjrz1p1nwtsd5ycrqvyw8kq3ond;Mejorar el sistema informático y Coll center
253;54bf1ec2a9a7b7b5;9k47dn8ich4fpn5j9k47ddsu97z4o6ky;Un orden en la mayoría de los procesos a esto me refiero con mayor control y por ultimo que deje de ser casi todo manual en el mundo administrativo y de GAV.
254;55f078f00e4799b9;6ni2kmj4jpavbo4wt2g6ni2c2wqk2k73;Mejorar los sueldos y beneficios para los trabajadores.
255;79a5b46fd80a5012;qbxmtkt4q1dq4d64h6qkqbxmtkzcbnhv;Capacitaciones donde se enseñe más sobre compañerismo y actividades que den la oportunidad de conocer a nuestros compañeros
256;7afd7e013f78b628;439mf5te8dc7tu1439mfn9t6jxghl81j;publicaciones en redes sociales el nivel de trabajo en la clinica y los beneficios que tienen los colaboradores
257;8a684e78676d9268;rnd8rhlf49b081pnkrnd8626a6n744a3;Aumentar los sueldos, para que sea proporcional al trabajo
258;5621deed26c2eefd;6cuk31be2e3in2guokg96cuk3si753w5;No sumar a personas de la uci situaciones de estres agenas al trabajo ya realizado pensar mas en las personas, sus trayectorias, brindarles confort,preocuparse del personal como personas y no como un numero que cubra turnos, reconocer el trabajo realizado, brindar apoyo y comodidad al equipo, escuchar inquetudes, dar apoyo e intentar solucionar problematicas
259;7afdd53e2a6b6506;yq97t5qllk2bftyq9r9xoyapxpjnef61;Mejorar los sueldos, eliminar la presión
260;7bce4a0c7d6598f1;srtc5yh4fdt11cjnsrtz6fvlkxwyy2qk;Aumentar la remuneración para los Tens, no solo de vocación vivimos.
261;8b428535721ce168;ncgadxtrqco1i1jhiujgncgadxt3ymwl;Hemos crecido  mucho como institución,  en el comedor o pasillos, no nos reconocemos,  ni donde trabajamos y menos saber nombre de pila., Debemos reeducar, aprender a saludarnos y presentarnos.
262;7bed5bcc1a5967a4;q4kuwqwghx4ud6q4k6y8y8uq6bf31lkf;Subir sueldo tener más herramientas de trabajo
263;8b56304337291e6d;vz5a0fm56sbvhu4pg2fvz5a0iiss5dtp;Modernización real
264;7ee4e7e4706667eb;elq51q3fbdglkjovelq5561f0ouzpn8m;Reconocer el titulo a Tens y aumentar el sueldo segun el area de desepeño laboral
265;5c085b2edaa45a32;tmt7g58ionyd72tmt7sps3z31bdt3a84;Mayor trabajo en equipo entre los servicios
266;5ddc33d4a02d96e9;uw06nl0knajdgp6fuk5oguw06nxelqbp;Mejores sueldos
267;5efde5c62da6d159;4ym1s0rx6l1xmq4yml3db411a8tofn4l;Mejor retribución económica
268;7fb2571da8656014;3vy8ucrezibyzdhqi3vy8ut7w5m38yq3;Hay personas que podrían ser más humana al referirse a otra persona como colega o paciente.
269;81723253b324a8af;1xlt5yfyq34qt7l2xlvmf1xlt5yf8you;Para mejorar en la parte laboral que se contrate gente que realmente se comprometa en su labor y no vaya solo a quejarse que es mucho trabajo y a flojera perdón pero tenía que decirlo  gracias
270;8f509414c5659a37;dvfb1bvvb5teqcrdvfb1bvtvf3tsbnvp;Mil cosas por mejorar
271;6164e4562dcdc234;mfu31r99lte8kpb4knumfu31rgc2fwj8;La remuneración , ya que para las labores que ejecutó siento que no es lo que corresponde
272;83bacc34cef951a5;y7dkbmox3la87zfey7dkbmoj7flisj1l;Ser más enpaticos y solidarios entre los compañeros y que nos los traten solo como un número
273;6261b1367521f9b2;wm7rkjmmdva075wm7r5po1iwobw69jpu;Aumento de sueldo , disminuir la carga laboral tener una jefatura presente, que se recompense al trabajador con bonos como incentivos.
274;634feaf5402a933d;lwozcviwczbdw6lwuko9kczvtwp3ccvb;MENOR CARGA DE TRABAJO Y METAS REALIZABLES
275;64ddf40841d6fb04;8od67wgqagqq6ps48od67pfzqbez8v42;No cambiar a la gente de turno a cada rato
276;6cbef11789b0116c;jcq98vtzdo9xp13vjcq98vqgn8ozx6gv;Aumentar los sueldos
277;6d14f4a04b2e2d15;zvtbl6whhxcvt9vtgszvtbl6wmolg2yb;Subir los sueldos!!!!
278;6e80a2db71d80d95;ztl9xfmp7i15u0eztl9r2io59jfhbrvm;Mejores sueldos, mas beneficios, y mejor alimentación, sodexo es muy malo
279;85918f772611bf6f;vbz15pwdj5r8ahhi1vbz15tcnpw876fd;Me gustaría llegar a tener un contrato que asegure mi permanencia acá
280;9319bd5edff9776b;95ztejb04xrindi7ao095ztej5ik9qcd;Sería ideal que se preocuparan de la alimentación de sus trabajadores, la comida no es muy buena casi siempre te dan congelados los que los transforman en tortilla, ensaladas, la verdad muy malo, y el servicio  y bandejas no se encuentra muy limpio e tenido que cambiar varias veces el servicio.
281;868bde0fd83d9bb4;k26ay73dr381502hk26ay696lo2o2rje;el sanatorio tiene que valor a su personal
282;7296ef523808fa2f;tt3ma82ls0aqhbqtt3m3j6y9cppdfj8q;Estoy satisfecha con las capacitaciones, pero que estas sean presenciales
283;944d8d6ea64deb4b;ljn21x5p1cnwvf8j6ljn21khfsz81gzh;Mejorar sueldos, mejorar infraestructura
284;769e8df81283532e;hr0ey9238reyztyyghr0z0bi3zfb4l0j;Un mejor trabajo realmente de equipo que siempre se dice pero no se cumple para la buena imagen de la clínica
285;975b006d00773f80;4m5wx4y1rzk51k1fe84m5weq62djvf2v;Mejorar el trato y trabajo en equipo de las jefaturas hacia el resto del personal
286;8a1d54cba111e059;t7fbqh9qk9b42fciyph3t7fbbj6sfmrz;Mayor participación e incentivos para los trabajadores.
287;77e4e35a250d42f4;o1y9q6lafhqrv5qfo1y9fe5amn6i0x9r;Mejorar sueldos
288;7fa78b5d971f6c0d;cbc3vl14vxt8jfjta2cbc3vl54eq3ptc;Subir los sueldos a las secretarias  que llevan más años de experiencia y con un buen desempeño laboral..
289;8a665a0a36cf19d8;r6pkewa67ky0ogx3xty0kr6pkeyg2r54;Realizar capacitaciones periódicamente.
290;8b2c1a398ec0131a;wwy4r98n911a5rhoxvhwwy4r983lyg1v;Mas capacitaciones
291;8b2f463254e869c7;6rcypckdf2y64j0cud6rcyp62vxnwqms;Subir los sueldos
292;8b4c20ab1b741f71;oy2cirqynbxvbhbyl6oy2cirbrhotofx;Mejorar sueldos
293;8be1b2ea1e228f7c;zmg8o09mfskormvzmgquewbrzkd54983;Desde mi mirada, no necesito nada más que preocuparse por la mantención y cuidado de los puetos de trabajo
294;8e3b08bc6a742462;phkz6ebo8jg8gkphhqh9sur72oxuydbm;Que no hallan privilegios en la atención
295;8faa3a9ee063e2e4;s890eyt245to6r1s890eytho3724xti1;Aumentar recurso humano y/o mejor distribución mejora de sueldos o incentivos con bonos
296;91bd85b73650f8a8;hi6gjb0rjsvwxe3bwhi6gj85czw7xud9;Mejorar  el sueldo.
297;804ed3a7a6a4ca39;4509jilbqzdnev4509mlty8h98xobq05;hacer un equilibrio en sueldo con trayectoria laboral.
298;931d73c6e3fec581;9i1dvvra57bjd9i1dvqcso9zjbcrozeb;Realizaere
299;98b492af7ce60c3a;jsmomwkeo7x3vx5dnvijsmop693bs7k9;Capacitacion
300;9d05706ce0b90532;7r57nhtl3lipql5q7r57rohjj68yvggt;Actualizar el sistema q sea nas dinamico, rapudo y seguro y q cambien las computadoas porque algunas ya cumplueron su vida util
301;98d5ec90f87ae0ed;rthbk6y1mp2re99mvfo2bmrthbkcnyen;Dar una atención, al cliente interno, con una manera de responsabilidad social, ya que generaría fidelización en cada colaborador, ya que el tiempo laborado le genere crecimiento laboral
302;9ed7190b98dbebca;6wlnd6e5qpk26l7od1n6wlnocyhz7s9i;Ser transparentes, comunicarnos con anticipación las decisiones que como institución se realizan, capacitarnos, tener apoyo psicológico ante la muerte de un paciente y esto se traduce en acciones que nos hagan sentir que somos lo más importante de la institución.
303;9ef79f4f9c3b30ad;x2dwe1ypa71uztv7nw7x2dwe1yfdvfdm;Tener mejores condiciones para realizar nuestro trabajo
304;8168bcd0f7abe942;tnvfk7hyhmnfetl46mtnvfwj87lb71sc;Mayor incentivo económico y laboral
305;99172c6a40fd8402;80cr2ipigkwr6y6j80cr2ip2z185ru64;Lugar fisisco
306;856dddedb9852227;vg5vdkhytbayo1gfupvg5vdk382fsx9k;Mejor distribución de la carga laboral.
307;a19269bcfad0389e;dlld6v3ej7ow9w819qmfdlld6l2yd0ic;Más convenios con universidades para seguir con el perfeccionamiento profesional en cada área. Mejorar la remuneración. Evitar los constantes cambios de equipos
308;a1bf99e70cca9be5;ds969pldvfzup5jr2tm4bds969m2z1kg;Escuchar
309;9931571f92fce27b;bkhek44i04ougcbkhejri6dx09t9q9va;mejorar la carga laboral
310;893f7780176adf4f;9wet6xsl6ylcsobqrxb9wet6l0kiojtk;En mí caso personal,rotar a los de urgencia respiratoria y general para que se quiten de la cabeza que en urgencia respiratoria no se hace nada eso me tiene muy disconforme con mis colegas y enfermer@s de turno
311;9a6765e8a7e6faf1;0w3ecj8du5j5bxwt6wty40w3ecc3gay9;"Primero q nada subir los sueldos tener beneficios
Cursos"
312;9b9d4e58a2ba176e;v60syzkq0ayvn7aqwtov60syzbdctrvg;La llegada de nuevo personal, para no terminar los turnos reventada. Por falta de este.
313;9bab2cbe1744f767;btj1k42kj6ntrlq9j5btjwwp83zsmto7;Lo que debería ser mejor son los sueldos, son muy bajos en comparación con el mercado, sino he buscado otros lugares de trabajo es por el gran amor que tengo por la clínica, llevo 25 años acá y he vivido momentos muy lindos como el nacimiento de mis hijos y muy triste como la muerte de mi esposo, son muchos los momentos laborales hermosos que me han llenado de satisfacción, pero el sueldo es muy malo
314;9c82f59c05c072a8;mdep3fhqjm16c0izaztzkfmdep3fzmiv;Mejorar sueldos de algunos estamentos.
315;8a8d5a5461c032ff;jjsb0k4ndq40j4w6jjsb0s4qiasf9g5x;Evaluar mi puesto de trabajo.
316;9ce1ed06e72bd17e;2rv58oi4gyegrhm9ii2q5r2rv58oi85f;Disponer de un bus de acercamiento para los funcionarios, aunque sea para los fin de semanas!! Tanto como turno de largo y noche. La locomoción los fin de semana es muy escasa, malisima en realidad!!
317;aa30af2438e1c31a;eip3y2fragfzeipmhxu6nvu1nlkeaium;Aumentar el sueldo de los tens ya que realizamos un trabajo escencial y aveces resulta injusto ganar menos que un auxiliar sin desmerecer su trabajo ya que para esta profesión se invierte dinero y tiempo, sin el título no se puede trabajar de tens , a la misma vez resulta injusto que las personas que llevan menos tiempo trabajando las contraten con mejores sueldos es ilógico que hayan sueldos base de 347 alguien que lleva mas de 2 años y 400 alguien que lleva 2 meses
318;8c2b495ee32d783d;t0oqxkekh7io9djn0ft0oqxkk2lpdswg;Escuchar a sus colaboradores en cuanto al bienestar interno, otorgar una estabilidad laboral y nivelacion de sueldos
319;8cc256a2120699c5;myjaudcnq7bl37rku2crmyjaudcbmegk;Pausas activas
320;9d0a73fccd19f3b2;5bqfoz7cszh3bb5bq2y6n4y0dx187xgr;capacitaciones , actividades extra de regalo como masoterapia pausas activas ,
321;a0f4c0468ff3593e;7em8dy36vrcwcnz1uyiu7em8dyvvij0n;Creo que la experiencia ya es muy buena
322;a4703bf424271537;yit0luztf87j9nmyit0w0lvl4e2f8hcb;Ok
323;a6c0ad9e00422873;8slzegofpxrd12h078sltffjkpxx659u;Mejorar los sueldos
324;a6e3a26c9c9a0b90;mz1qvn8i8jnd3lggi78mz123c6lycvrb;Tener más claridad sobre el paso a contrato indefinido. A veces siento que no tengo la certeza si podré pasar a indefinido o no.
325;a6e65299c7cfe068;n1513enk7ptut1b3n1mmaxall041t799;Encuentro subir el sueldo sería una gran motivación , ya que es coste de vida está demaciado alto , los precios en supermercados etc
326;a726eb2af6620d4f;jr8nptmf35hbngoqsljr8nptcbdpfalf;Entregar mas herramientas de cursos y preparación a los funcionarios
327;ae0001468a8cfa8a;06m8mz01qg25xh06m88rfsf6vza2bvsq;Se requieren mejoras en sueldo v/s la carga de trabajo, mejoras en equipos de trabajo como impresora, scaners, fotocopiadoras, moviliario, insumos en general siempre faltan, aseo e higiene de servicios (baños, escaleras, ventanas, superficies, todo muy mal efectuado)
328;a8d8d08eb656320d;hz9v46ysaw2nnddn5hz9vfcoqk4ypp41;"SUELDOS DIGNOS.
Mejoramiento de la infraestructura.
Valorar el trabajo de sus funcionarios."
329;aac107c4b8c9d1b3;24zccgz1eaxm1x6v3c602624zccgzvza;Escuchar a sus trabajadores, no excluir a las personas por su profesión... Osea... Saber escuchar a una auxiliar de servicio, tens, etc, cuando tenga una acotación, darle una oportunidad a un trabajador que haya estudiado para entregar sus conocimientos a la institución.
330;ab73f8c1fa2dc5b2;g3kcsq304dxwnmg3kcyw0voot6hcvayw;Aumentar los sueldos
331;8d75dc751c8f65d5;erddvc7gjxn6tquhb0erdd0rll8cgoqt;Trabajo en equipo con el resto de las unidades y participación más activa de parte de la coordinación para mejorar la atención directa y el ambiente laboral
332;ab839db04d4121fc;rfs4nu78t0i9srefpl88vrfs4nuwojcr;De mi punto de vista está todo bien, sólo depende de la actitud de cada uno
333;ad2c7aa6919cfb80;jvk1xdnv2fufc2uxuuxjvk1xrsw9you2;Tener comunicación y solución con la jefatura directa ya que no los toman encuentras cada vez que uno los necesito de forma urgente ya que siempre dicen que están en reunión
334;ad30e5d1819237b4;3as7ev5gbh6l464f8qd93as7ow1gjjb9;Mejora de sueldo ademas de mejora en la infraestructura para ejercer las labores
335;8f7b99b59d724787;louhlg9knkbhwtsslouhzhztfnnbnktg;Que contraten gente comprometida y responsable que le guste lo que realiza y con empatia al paciente.ademas que aumenten los sueldos para que buenos funcionarios trabajen con nosotros y no se vayan
336;aeaf8aedba22c5eb;n3gap0w6lhagrk7t1iln3gapha10pft6;Mejorar el sueldo, sería  para trabajar  con más ganas!!
337;aeb0bc04e7ac838b;66sgk6itefl8d266sggn3e05oca1cge1;En una comunicación
338;b3ad0af2728f8acd;75uyagch4zd4oa75uyaj7pfmgv2wvbdj;La alimentacion pésima...el sueldo deberían mejorarlo...deberían tener incentivos para el personal
339;af632c01c459d5ff;z3f72x6fxucz3ftlas9d01pjaoutlas9;Más cursos
340;8ff66ae01f21c87e;276g59qqd2dbrlyu276g5vqsw85mo8r7;Ser más empaticos con el trabajador,
341;b43623281f7833b9;ygzlju2jl2n6g9nygzlncy8qdvb4px22;Preocuparse de capacitar a los cargos altos en liderazgo y habilidades blandas
342;b0c5c1e40f1eb095;n7tfy1nf6a1qt7kn7jfd8ug87iuybvg4;Aumento de sueldo según años de servio
343;907a22307c89231c;fasf0qblevqfjz3f4exbfasf0sdewef5;Tener beneficios
344;90d800b5e46bf34c;w3al2r5p7d29d9lzw3al2t8aaz20yw7o;Aumentar el sueldo de las secretarias
345;b6bcd792312621d1;dj7yjaupjqsgqmto56dj7yjauwknf5fm;Contratar a los tec como Tec en enfermería no como auxiliares
346;b6e7ff860927852c;wvl73hxvbtpp0rwvdsf4nogmlu5h2lg9;Cambio de jefatura más empaticos
347;b7bc1ec906cdc6b5;5sspxm8eygo6kch5ss11neyvc7i44tm6;Llevo 10 años trabajando acá, he luchado incanzablemente para equiparar mi sueldo con el de mis colegas, pero aún recibo el sueldo mínimo. $353.000.- He hablado con jefaturas para saber el motivo y jamas he recibido una respuesta que me deje satisfecha.
348;b121f1709e754c88;wggkeqgkgduro9jvoxjwggkeqfyduq0w;Po
349;b131c7fe4faf80bc;3ax4p559y8j2detroab3ax4p5nibvnez;Mejorar el sueldo
350;ba38805a1063e34f;wu0fhqt0wymp59vwu0vagwr0990ujr4z;Generar condiciones de trabajo más dignas y metas más planificadas.
351;b2d1da37aaf72ed0;zjth21oabxwoim3kzjth214e50lve10j;MEJORAR LOS SUELDOS
352;90e6a4740f5ee91b;ax9cn741uwixax9cf5abpy361t2304tm;"Mi experiencia personal. Tiempo atrás tuve un problema con dos compañeros. Lo informé por escrito a mi coordinadora y  gerencia. Quedó en nada. Mi desilusión es que lo que me sucedió a nadie le importó. 
Finalmente, es un trabajo a conciencia. Que no en todos está."
353;b31f19e3433b6789;j8nslo3e66drc055bj7eox18izbv5tq7;Que debe haber un poco más de lineamientos de comunicación entre los que hacemos todos los días lo hay pero más atención entre loas compañeros
354;9112b30609a8c151;4pgp74n4l9e0njc9az848l4pgp7hs1b8;Mejores sueldos
355;b3f0a861a74e24b3;sbctnmk2qu40bh38vs2usbctnmkw26ax;Aumento de sueldo según cantidad de años trabajando en esta empresa
356;bec8d9c76b90d545;ifndpuv44vafvjrf2ifnls3za3evx8vv;Sueldo acorde a las funciones de cada uno
357;936ff9e5dd718c85;zer4zlbrj34i8gigs64cy9hzer4zlgfo;Ser más eficiente y que no existan tantos cambios y jefaturas. Dar beneficios reales al personal, a todos por igual y ser más humano. Se que ahora no somos una Corporación , somos una empresa. Pero igual se puede mejorar en muchos aspectos. Igual con Sanatorio hemos vivido muchas etapas, me ha dado mucho y yo les he dado mucho de mi vida. Creo que estamos en un posible equilibrio de dar y recibir.
358;c0d9697492c0e7c2;6u42sqv8qc2h9wgh0a6u42s9ltv9qvei;Para mejorar la experiencia de trabajar en la clinica sería lograr que todos los funcionarios tuviéramos los mismos beneficios, no importando a que sindicato se perteneciera ,creo injusto que un grupo tenga diferencias en cosas tan pequeñas como cantidad de dias administrativos, feriados que si caen día domingo algunos son remunerados con horas extras y otros no,son diferencias que dañan el alma,si somos una familia deberíamos tener por igual los mejores beneficios
359;96216d6e960899b0;5fwd0hlowtyl4psly5fwd07ur228qyae;Aumento de sueldo
360;b47dad83521d99b5;jo7s2vh4v3gfjckq8jo7s2v0zgyuspwt;Un buen sistema informático y call center
361;b7ee35007f3ce50b;xboazmbuws1xgpfntlabksme8b0y8ptg;"Agradezco la pregunta:

Trabajar en el respeto, valorar el trabajo, empatía, escuchar, profesionalismo, respetar a las personas, pero, ""sinceramente"", comunicación ""respetuosa""ergonomía para cada departamento( comodidad en tu trabajo) que no se note tanto la diferencia en la atención para nuestros clientes y el lugar de trabajo de los funcionarios.

Para finalizar, se ha entregado información de reclamos con respecto a funcionarios(ejecutivo o jefes), han sucedido situaciones graves, dolorosas, dónde han estado directamente involucrado, y aún, se mantienen entorpeciendo psicologicamente con la presencia el trabajo desarrollado a diario, y los funcionarios no hablan por temor, temor a perder la fuente de trabajo, y esto último, es grave, trabajar obligado y presionado. 

Agradezco y un gran abrazo"
362;b9ae9455d281e594;rtnholdc5zomqdrtnholdpdpc7zcb8dt;"Conoscamonos. Inviten por servicios a mesas de dialogo constuctivo . Para ambas partes.
Sugiero. Que nos permitan continuar con locomocion  para ingreso y salida . Asi como lo hacen el Hospital traumatologico.Regional e Higueras.
Darnos algun descuento como funcionario ,en atencion de urgencias y pabellones , seria muy bueno para nosotros.
De vez en cuando recibir una visita en los servicios de la Gerencia. Sentir que somos cercanos . Y no esperar un evento para ello.Conocer en terreno como estan los servicios. Y dar tribuna a alguna peticion de mejoras ,para ir en directo beneficio del buen desarrollo de nuestras tareas.
Mirarnos a los ojos y sentir que somos una
 FAMILIA LABORAL"
363;c325e41f6949dd6e;tzg3bkml6la77tzg33g3f90p03hh64sf;Subir sueldos y evaluar coordinadores de servicios
364;bae37bba97eadd41;u1uhj8wsqs3i6u1uhj9fhr8xtemdnlx0;En lo laboral reconocer más la labor del tens
365;bcbca2c4bb986c69;u246zchmovnnlyda2zi2u2400n4muhom;Subir el sueldo
366;c4607152a30bedce;zzjtida10n7bds5vdicwzzjtidbi6tud;Preocuparse por su personal
367;97c7d08a3dc97ec2;jqfze631tjm3bsva6uimjqfze6mqsmgm;Mejorar trato de nosotros mismos como trabajadores de la clinica
368;97eecc6b1a629c9f;iw6fh1dakggcrkfproxiw6fh1fasrslq;Subir los sueldos, es soñado por todos creo yo
369;9efe7f0c6728ac2d;wmxfz4tdd40ifhea0qwmxfzjwystrzha;Mejorar los sueldos, ya que uno ingresa ganando una cantidad de dinero y pasan los años y este valor se mantiene, siendo que debería aumentar por el costo de la vida
370;c2bceeee8a394ec8;u86k4j6v82xhha6wkhkru86krvkkiups;Mejorar las condiciones de trabajo del laboratorio sobre todo del espacio... Y los sueldos de los técnicos
371;c698640b060b309b;opiey63tx59vl29syz53popieyapoa8o;Las jefaturas y los sistemas
372;c2bd1d7a1770c6e3;ia0y7809q617wlcy5sia0y7ciqrrd541;mejorar nuestros sueldos
373;c752e0d589b6fd92;7unfbvmm94cjeugodx7unfbhln8qj5bn;No creo que mejore, a traves de los años todo empeoro.
374;c3006f4c929d0a01;bcql1frhm2yzam0m4sapx2bcql1fi3ut;Implementar más canales de comunicación entre jefaturas y empleados.
375;a164c08c3cec72cb;r0jup5aksp15hma298c1nr0jup5akise;Mejorar infraestructura, todo en una misma torre
376;a8d7732200ea61b3;n088uio6os6tsyxx2n088uz43pyrhzac;"Mejorar en forma prioritaria el trato del personal con nuestros usuarios.
No mantener por muchos años las jefaturas de los servicio.
Uso obligatorio y correcto de uniforme(cada quien usa lo que quiere administrativas)
Que el gerente esté el terreno ,que se vea.
Mejorar la infraestructura interna de los edificios de hospitalizado.
Mejorar el aseo ,muy por debajo de una gran clínica.
Capacitación de trato ,desde el médico hasta la auxiliar de servicio .
La clínica es un fuerte potencial, pero no han sabido potenciarlo."
377;aa865f8403e7fa40;1740fju4iootg7vpv11740fo6tjhicyr;Actividades bien definidas por áreas, objetivos transversales
378;ca1f65505ac6e578;9pi5odmn45u9vjahxz4y9pi5odmnp6sq;Subir sueldos a funcionarios
379;b1e48ea1b276bd4a;fe9rebcluh2rlep424fe9reb3lye5913;No lo se
380;cb086135c8e3cdb4;nninqi34jzhxtxejw9mnninqkev2kdda;Mejorar sueldo de los tens para que trabajen con más entusiasmo
381;b40ef6b1b1a9f692;pj4cj07wcpmq9lzx2elva0la59pj4cj0;Mejorar los sueldos, disminuir la carga laboral e implementar el liderazgo de la jefatura
382;c35e8f4f99ea23cc;luwybuedt100lu1apam2vom8oxxp331a;Quizás mejorar sueldos
383;c3a14c6955e7dccd;9ksiwuvyc0wsabht89ksl3rzi3vrl3b1;ver personas y no números, además de mejorar los sueldos.
384;c69620305a9cb2c0;v9oqa2frgxlqjf7frt6axefqxv9oqa2f;Deberían poner más apoyo en los servicios (mas gente)
385;c6af9789f8aeac7a;youw9dcduob8itakyouw9r2tho97lspi;Ajustar las rentas de acuerdo al mercado
386;cd5e9fbdce0e9cab;bf28cv1xi43cen9uabf28cvdhxt70vaw;Cambio de coordinadora y jefe de servicio
387;c757bd286d78da19;sxspq6mbgdyedvysxspq6t4425r7kqy1;Contar con bonos, más beneficios y convenios
388;cdd99e70f30df08a;mos6ilirp1pi8zwomos6ihw1qf1ztelo;Valorar mejor económicamente  asus trabajadores técnicos
389;b492c4008ab63385;klkzwfchrdx1l7stkhklkzwpm3pgce3p;Disponer y rotar al personal acorde a sus necesidades de aprender sobre áreas específicas en el desarrollo profesional y no generales, por ejemplo: tener experiencia en RRHH, FINANZAS Etc, sin embargo pertenecer al área de ADMISIÓN/SECRETARIO de la clínica que no va más allá de aprender sistemas internos y atención a público. No aportando así conocimiento de intelecto acorde a Perfil profesional del colaborador.
390;cb9c328160e1c909;iegr0b7fcf54k851d3k1k4jiegr0b7f0;mejorar los sueldos! no puede ser que los ingresos nuevos, ganen más que personal antiguo y mejorar el sistema en general muchos problemas con erika, las telemedicinas e imed.
391;b521dbfaac6c9f95;t09wg3xbygfc478at09w07w4oxm1w5zx;Ajustar las remuneraciones acorde al mercado
392;cf24b3b210ed7f0a;ahltk0dlnryn9kked0topahltk0ditr9;Más empatía hacia los trabajadores
393;cc6e8fedd6506906;ng2gvvgw4a2zbzng2gpsbnandp46kt3h;"se necesita refuerzos positivos por parte de la jefatura directa, como tambien de la gerencia; RECONOCER  que somos  Personas y no un numero mas que es reemplazable
Si bien existen muchas personas para un cargo, el compromiso con la empresa no todos lo tienen, por lo tanto es facil ver a los funcionarios sentados jugando con el celular y los timbres sonando, lo que da una muy  mala imagen de la institucion y esto lo transmiten los pacientes y / o familiares.
Mientras las jefaturas no cumplan su rol, esto no mejorara
Tambien falta compromiso por parte de la gerencia en realizar visitas a terreno. Un gran ejemplo es lo sucedido al inicio de la pandemia, la enfermera jefe , enfermera de calidad, jamas se vieron en la clinica supongo que protegiendose,  y los funcionarios trabajando en terreno asumiendo todos los riesgos y sin ningun reconocimiento a la laboral realizada.
Me contagie con covid en la clinica y mi jefatura jamas me llamo para saber mi condicion menos de la gerencia, el unico llamado recibido fue para interrogarme si habia cumplido con las normas de proteccion
En resumen un numero mas, reemplazable
Mientras se proceda asi, los funcionarios jamas se sentiran parte de la institucion, por lo que no se subiran al barco y si lo hacen no remaran hacia el mismo lado
Se necesita demostrar por parte de la gerencia que el funcionario si importa, que se sienta parte de la institucion , porque ellos son los que hacen la institucion, quienes con su quehacer y trato a los usuarios externos logran fidelizar a este cliente quien se llevara una imagen que pueda recomendar la institucion, no olvidando que la mejor propaganda es el boca a boca, no una pancarta o propaganga en un medio audio visual o escrita"
394;cca699f837530e2d;vsc7wf5zpomnnsck47gvsc4apzaya96h;Reconocimiento e incentivos
395;cd58a1b7c54bb705;nkb64j3bxkbfaudv44q9ixnkb64vcrz2;Subir sueldos  y estar más presente con el personal
396;bd2b4a9f7c9e722b;lytpordyoayxo3puu06lytpixyujyre0;Capacitaciones dentro del horario de trabajo, redistribución de la carga laboral. Ojalá seguir mejorando los almuerzos.
397;c03ed7b4a9cde569;t8n9tzhqr6se4tt8nte5ew7on1gne4iy;Mejor diálogo con los trabajadores por los medios dispuestos por la clínica
398;cd65e2dbefc2c5d3;95zilimbvav5mx4zno995zilij1qgmf6;Mejorar los sueldos
399;ce0a799f19d442a8;j7bvewoq9nnelfflcs7uiqyj7bvj6sj7;Mayor posibilidad de comunicación con los superiores.
400;d3a9bb77d1477e7a;882tdccz5sik5o688jhmss882tdceh4e;Mas espacios para compartir dentro de la jornada laboral
401;c0fcb56cdd5743ab;ympdf9qf4ar3z2gu0ebqnympdf9zuqqs;El prestigio y resto que tiene sanatorio alemán mantenerlo y mejorarlo en lo que se pueda estar fallando
402;c78281f82ffcea5e;fk8jc29x8fxdgyoqd9tqa8fk8jx0brhu;Delimitar un poco la línea de trabajo, más equitativo. Y sobre todo, quitar el amndoneo entre los pares de trabajo que no son jefaturas.
403;c7aa74db7c8669ec;6s6obfniix5selck6s6obf48mibpp875;Tener estacionamiento mas cercano para funcionarios, porque en inviernos llegamos todas mojadas desde el que esta al lado del Jumbo y ahora prohibieron estacionarse en Mahuzier,  los casilleros que fueran mas amplios o hubiera menos gente, que se reconociera el hecho de tener especialidades, magister o diplomado, cursos, sobre todo los que trabajos en unidades críticas, haciendo tipo carrera funcionaria como el hospital, en relación a lo mismo que aumentaran el sueldo de acuerdo a eso, que la comida sodexo subiera de categoría y no fuera la colación mas barata porque aveces es incomible, que variaran la colación, nos dan todos los turnos noche lo mismo, un pan que aveces nadie se come, algún menú vegetariano, o una galleta soda, con mermelada sería mas aceptada, que hubiera una maquina de café para todos los funcionarios no solo para los médicos, creo que con todo eso seríamos mas felices aún. Que el personal de Recurso humano, atendiera bien a los funcionarios porque son el canal de comunicación con gerencia y aveces dan malas respuestas o no responden, generando mas problemas en vez de ayudar.
404;d011df1a69cf89fd;jp8h9o5yc1d7msvwplrjp8h9oimh4n09;Mejorar los tiempos
405;d0dbb5b452df2e5f;ajt3r03wmcu8gmsatajt3rvvc8r6dnti;"Yo creo que todo está bien hasta ahora... 
A lo mejor mejorar un poco el sueldo"
406;d16ef0f4e63c5133;6j4ml5pn8z84rsrib6j4mf6u1nb60eel;Evaluar la carga de trabajo en el puesto de farmacia que envía los insumos a TPV, ya que hay una sola persona y se necesitan dos.Gracias
407;d5bb794888f0acd0;j96mgv7wev3eoisokizkngxj96mgv7wa;.
408;d5e82e54b6460528;imj4yuvopz6o3o40dduimj4jj9q92emm;TENER MAS APOYO DEPARTE DE JEFATURA QUE HAGAN REUNIONES PARA QUE DEMOS A CONOCER NUESTRAS INQUIETUDES Y SUBIR LAS REMUNERACIONES YA QUE POR AÑOS NO LO HAN HECHO Y DEBEN ESTAR DE ACUERDO AL MERCADO ACA OBVIAMENTE NO LO ESTAN SE GANA DEMASIADO , CON ESTOS DOS INCENTIVOS SE TRABAJARIA MUY BIEN Y MUY MOTIVADA
409;d2b451f07035a187;q6u1c6jb7xay5zt49ombwt5ofq6u1c6p;"Que suban mi sueldo es bajísimo, es la clínica que peor paga en Concepción 
Modernización de habitaciones las otras clínicas prestan mayor calidad en este aspecto
Áreas de descanso del personal son pauperrimas y pequeñas"
410;ca98477c043fd31f;tdxy15b63csyxjxtd0awycn3bwb749zf;Mejor menú en el casino y mejor equipamiento para trabajar, por ejemplo silla buena para la postura, pausas activas, monitos para notebook , etc
411;d4490ff38dbbfe6c;et49p5wtveet43s0mhoa0210l1judm91;Mejorar los sueldos
412;d4c8888a956a90e1;m47e2twyamd8g3opram47e2tse79l9rq;Orientar al personal nuevo.un tour por las dependencias..
413;cddebc70451cf1c7;9f12v1gjwy48krx1xp29fcz4iowprxfj;Sueldo , comida , calidad de trabajo , bus de acercamiento , y mas preocupacion al personal ,
414;d22c079067b9c5b1;0w0bm4f3l8u24gcgne70w0b50tfpi400;Mas personal y mejoras salariales
415;d3b12c8449a4198a;1eclxsg5ajbtdrdex0z1eclxs3gl3wqo;"Escuchar más a los trabajadores sobre demandas y requerimientos para lograr que actividades diarias en pro de los pacientes sean escuchadas y lograr experiencias más satisfactorias. 
Además brindar instancias de capacitación y que estas cuando sean de forma voluntaria e individual se vean reflejadas en el sueldo."
416;d40003e3d18aa342;uir076ktvu26mchsb1p80eduir077jpx;En mi caso, mi servicio necesita de mayores recursos materiales para lograr satisfacer la necesidad del día a día.
417;d686af7ae7ad84b2;0f55dag08uht3e0f55d74zuon450w9bz;Proponer ideas de trabajo en equipo y apoyarnos comprometidas con un buen ambiente laboral. Ya que el ambiente laboral es bastante desagradable y hasta tóxico.
418;d4f73d657339fe99;ilh9lmwsoycmyc6m7yro6t1ilh9lk1vo;Mejorar el sueldo (matrona), me encantaria teabajar de dia.
419;d6084c52131a96e5;mstjmdikx6ic48u38xgsdmstjmdg4f31;Los sueldos, horarios de trabajo y bus de acercamiento
420;dc7c3c082d8bbbbc;5fgpohkya2kui0sb0yb5fgpoucq7ir5k;Mejorar los estares para personal, son 12 hrs trabajando, que de vez en cuando se necesita un momento de descanso en un lugar digno.
421;dddf5759d658e3a8;4wuntduc8xk0km5w4wunp7325d87cdmu;Mejorar sueldos, mejorar almuerzos considerando dietas veg, mejorar condiciones laborales, mejorar seguridad para personal incluyendo estacionamientos, reuniones de servicio interdisciplinarias, evaluaciones constantes a jefaturas, beneficios de atención en clínica si eres funcionario.
422;d7a72d596c646cee;skpezhg17itea4p6gcskpeziohxznfx5;Ralizar reuniones los gerentes con los funcionarios y revisar las necesidades cada departamento ( ya son distintas necesidades) y así acercarse más a los funcionarios...un poco más de cercanía..pedir opinión de los funcionarios que trabajan directamente con los clientes son los únicos que les van a informar en qué estamos fallando como empresa
423;e0bd55061a1656ae;wvgpc83ab93xdx3z38wvgpybz04y8meg;Mejoras los sueldos ya que eso es un gran insentivo tanto para nosotros q ya estamos acá trabajando como tb para las personas q se interesan en trabajar en una de las clínicas más grandes y prestigiosa como lo es nuestra clínica sanatorio alemán, así esto ayudará a no estar pensando en un cambio de trabajo donde poder recibir un mejor sueldo , cómo lo han hecho aquellos q se han ido porque en otros lugares les han ofrecido un sueldo mejor q acá con las mismas o menores funciones, creo en lo personal q es muy importante mantener al personal bien y contento en todo sentido , monetaria mente y relación entre sus pares igual , así todo es más fácil y bonito para sobrellevar el día a día .
424;d8f551e27a3cf57d;7ccdgytddpr04rnp7ccdz18ypztj7b9a;Subir los sueldos de los técnicos en enfermería
425;e132a4705cd42408;3dhh3t8sa00ajsilh3dhh3cbsmryfnza;Mejorar las condiciones laborales (sueldos)
426;d768d123350200ad;rq6xjdyftpiw4uo9rq6x7b33c92310tw;Más capacitaciones o financiamiento para ellas
427;db6b31ccf37735d4;5wc4v4li4nhbx1b5wc4vtq9lg8lijfpr;Que valoren más el trabajo dando todas las herramientas necesarias para que así se realize de mejor manera el trabajo
428;da1c7d142926914c;446wj82dd0c1k2iry446wj82n7d9d69m;Todo bien
429;dc3b0f0688fa9fe8;z0v2jd78oh23ep8ufoyz0v2jd79pz0oa;Mejorar los espacios (oficina) con los que contamos en el área clínica, contar con un baño para la unidad haría también más cómoda la jornada.
430;e18650f86efdaf5e;mv0eaqvbmyc7lmv06c76p2h50w9v7sb1;Mejorar los sueldos
431;e1f2d404a77c05a8;r1k4cn9in8tqktclbdur1k4cnxamlqea;"Continuar por la misma senda e igual de preocupados por el personal, mantener personas formadas, felices y competentes es prioritario en toda organización. 
Sería ideal continuar con actividades recreativas por ejemplo para Fiestas Patrias, Navidad,  Aniversario de la clínica, entre otras."
432;da8f3b02922b18e4;pacend4gmidqndxqhlpacenl63rtf2zh;Mejorar los sueldos
433;e5f37c975fb5880a;qwrepkdevivdhmqwrepkl8jykrl7hcxw;Sueldos de acuerdo al mercado, pagar a profesionales por títulos obtenidos, generar beneficios con empresas externas, dar bono de vacaciones
434;e60d2586e78f494e;1aaxsa5yur25rzcs1aaxs4zo5f3r5yj4;Escuchar más a su personar y darle la confianza para poder decir cosas que nos moleste sin tener miedo que  seamos despedida
435;e78db0628d5dcf67;07k96vud9j98284qu078ov93u9mryv0t;Subir los sueldos de forma transversal a los trabajadores, es bastante grande la brecha entre el servicio público y privado.
436;de45710d1e86c0af;5ynw1qk73g0aqz2ej5ynw1q762usrow3;"Aparte del sueldo, mejorar los casilleros, en el sentido de que los profesionales tengamos nuestro propio espacio como fue siempre y terminar con el hacinamiento de los mismos. Esto último es una clara muestra de que la institución no nos valora.
A pesar de todo esto, me gusta mi trabajo y me entrego en ello al cien por ciento."
437;e93fd3ff110e5b12;uq9wmxdshs3cc2tuq9wmxdsbjg1oikii;"Capacitar y fiscalizar en función de vulneración de derechos fundamentales a coordinadores y coordinadoras.
Mejorar beneficios en salud.
Premiar la antigüedad en la clínica para fidelizar a trabajadores y trabajadoras."
438;e99980b6160edf47;rna72rrcinpk7l1qmxwsprna72rrpz8r;Ver al personal como personas y no como un número más.
439;e9f8c295cecf0994;pv3cludnb2ar738jvl5ypv3cl5htron7;Aumento del sueldo base
440;e9ff55281cb7051d;dxhza0g9krl7r9algob3wdxhzajkhkff;Lo primero aumentar los sueldo de las secretarias, es demasiada la responsabilidad que tenemos y es un arduo trabajo lidiar día a día con los pacientes.
441;e321e91c8d538695;6coq5i53micccn396co8eyobgyzoiy6b;Mantener siempre la cantidad de personal que corresponde en cada servicio, cuando falte una persona , reemplazarla , así no sobrecargar de trabajo a algunos
442;e77f05f1311e7f6e;g9n4vpowra69okg9nqniljnpd7ft8727;Mejorar los sueldos de los trabajadores con sueldo minimo.
443;e8eb1b65da5bb684;ilqamkkftylildz6nd6gjqxv4nd6x6dz;sueldos, casilleros para el personal,
444;ed6e6543a5be3ed9;yvkr2hiw3hzagyah6yvkr2lmil7w5c0p;Mejoras salariales, mayores descuentos en atenciones medicas y quirurgicas para funcionarios..
445;ef727cc9566c2102;ghhcn5015wcvb9l6v3yhghhcn501n79l;mejorar los sueldos
446;ef9bbea9e6499f06;uxdg4u1ohya1mvxuxdg4uwhzctovn7pk;Mejoraría el tema de transporte reincorporar el Transfer, aumentar los salarios, mayores beneficios y que la jefatura directa sea más empática y cercana
447;efe070c1cbeb8301;lw03cuj07ycj530grlw033vg1x2vn7od;Quisas que en mi casi encontrara estabilidad, permanencia
448;f05e9422b062c928;jis3yc0b70y6c1hfjis3ycfsh4avzc6o;Tener sueldos justos
449;f175b54752f8f9af;m5r0ywbxmcvhmucs620waczm5r0ywbjk;Mejor organización laboral y objetivos mas claros.
450;f1cccefe9bdb57ab;99x9mwz075kx76ntts99x9mwzmgff9h0;"Lo primero sería mejorar los sueldos de los técnicos en enfermería . Qué triste saber qué contratan gente con sueldos más altos y no valor a el personal que tienen trabajando en mi caso 35 años . El tener un estar digno para comer en los turnos de noches , el nuestro era un baño antes de la pandemia . Y no tener un baño en la unidad donde ir . Mejor los espacios de ingreso de pacientes más amplios y mejorar la calefacción en las zonas de ingresos . 
 Mejorar el aseo de la clínica , no es posible qué sólo se limpien los baños una vez cada 24 hrs . Los pacientes reclaman por los tachos de basura llenos y el piso sucio ."
451;f2d119e39d8d50d0;08s8y81t8r9c08spvbce3qxgkk4ufqgm;"Un poco más de preocupación en las tardes ya que la locomoción está tan mala después de las 20:00 horas,en mi hogar se preocupan porque es de noche y hay tanta delincuencia
Guardias vigilando MAS en los pasillos y fuera de la clinica"
452;f34117d4ca2aaf09;yxchwkxnybliacpitzcm8jtyxchwkxid;Compromiso con el personal y pacientes.
453;ee508ce7b6e98333;oidk17vhifyobevd7oidkuux9b2vgcfe;En algunas lineas se ve, pero creo que se debería ver mas posibilidades de crecimiento, de que el reemplazo de jefaturas se de en PRIMERA INSTANCIA entre personal interno, quienes ya están comprometidos con la institución y que por supuesto tengan las competencias.
454;f464bfbff145c2c5;a6eblbnmlb6x2jmke5vaa6eblbnmhpk1;Mejor la calidad de sueldo para sus técnicos en enfermería ya que formamos un Rol importante en el establecimiento y sus sueldos son muy bajos para todo el trabajo que manifestamos.
455;f4726bdf2aa2adb5;wmsn4v0c6mtu444pd2wmsn4vk7fr92oz;"Establecer Alineamientos entre todos las áreas y su importancia en todo el proceso
Saber cuanto influye mi trabajo en los demás 
hacer entender que todos somos parte de esta maquina y que nuestra parte es igual de importante que el del lado"
456;ef54b49765d90ae2;n3qmn25m7yvi9uzg3eln3qm4umtemmsj;Mejor comunicación y orientación de los procesos de trabajo de los supervisores
457;f3532f81a8bc1be9;f57wpcbodnn7w81qf57wpod47xqfikpx;renovar instalaciones para el personal
458;f7ecc16962319846;7kmdcdloc4p20296ezd7kmdcdfpodlru;Mejorar el.salario mensual.
459;f854841542d4e5a5;geksggqru6mdy3e9i8ncgeksggql2r5s;Reconocer años de experiencia, horas de capacitacion.
460;f91e1182f633d05f;vyyzevnyid2970u6kfvyyzssvc5alr0w;Que el sueldo refleje el grado de responsabilidad del cargo
461;f7700538be1e9074;e93l7ia5c0kpjavvfde93l7b5vu539c9;Jefaturas más empoderadas, mejorar la comunicación entre todos, valorar y cumplir los protocolos establecidos
462;f940cc420de14769;1a6hn0zeuw6h97t48d3yr9b1a6hn0ztp;Me parece que lo que están haciendo con esta encuesta es un muy buen paso. Lo otro que podría ser es tomar distintos funcionarios al azar y conversar. Cteo qué se sorprendería de muchas cosas. Hay muchas necesidades del personal y que seguramente la jefatura mayor, ni siquiera lo sabe. Gracias por esta oportunidad.
463;f9a0b0f116716872;3gv9m23ieeec5wzwl3gv9m2qbfkwqeho;Mejor sueldo
464;f9a9aca2883a18c3;68k0a7svm9h59u7csu9168k0a7sjjv14;Falta incentivos para los trabajadores
465;fa313b7886a41c52;7p94le8eqnsjwsaeaafucj7p94lecbyr;Más empatía
466;fbd3388165dec39d;5vq527bc8p041l04q15vqnxa8m3369ad;Las jefaturas debieran ser mas consientes de la cantidad de trabajo y estress a que estamos sometidos. Los continuos despidos nos insegurizan y estresan
467;fbd9feecc8715f75;x2swtnbll5zefxbk6sqx2swtrdbjld81;Mas regalías para los trabajadores, mejores sueldos.
468;fbf543910cb1130b;r5bxoqzelujrv8rz2prur5bxoqup84nj;Mayor entrega de información entre funcionarios y a pacientes.
469;fc108814308179ac;2t5oterxhk1voy92h222t5uo4c4wj1qa;Subir los sueldos, igualarlos al servicio público por estamento y a más años de servicio mayor sueldo (es una sugerencia), esa es la gran desventaja de trabajar en una clínica.
470;fc2c12a20ee1f286;vruas22ymf75wjuyfvruas2t8oq8bogp;El sueldo
471;fd1d1d7ed8c60372;kb7jeadrpjyho6kb7j9pvlg7ve5dupo6;Valorar los trabajos realizados con sueldos mas acordes
472;fd2149c8c2b6845f;zchyn0lhmqfhz9sbkoyksvzchyn0lmta;"Mejorar los trabajos en equipo, poniendo siempre  como foco principal al paciente, dando una atención segura y de calidad por sobre los números; con los recursos óptimos y adecuados, contando con  personal idóneo y bién remunerado de manera de mantenerlo cautivo y motivado y así sentirse orgulloso de tu lugar se trabajo y de pertenecer a esta Institución.
Buscar una instancia donde se pueda escuchar y sugerir la voz del personal frente a situaciones y decisiones que se vayan dando en el diario quéhacer,   de manera de tener colaboradores motivados e integrados.
Valor y reconocimiento a colaboradores que lo ameriten."
473;fe574150542dc10d;287q5clty6hxs3ru287q5cyhanbzxf59;Hay muchas cosas que mejorar
474;fedffd75cecef49a;z8m34hex0e851u4jr4hz8m34e5pkdutq;Generar escuchas activas entre los servicios clinicos
475;34109d116f03961b;ahybtu6y4piv4p29axwoahybtu34gwfo;Mejorar las remuneraciones y el estilo de liderazgo de algunas jefaturas
476;190100dad3d5909d;0l8kl5bhuse6mutvy0laabcw6sr69lun;Todo está bien, pero porque estudiamos y trabajamos ?por dinero ,y los sueldos de los TENS en general son muy bajos,demasiado bajos,es por ese motivo que aveces pienso en buscar otro trabajo,solo por eso.
477;e81de6b235f6d238;f6do3u8zrna7dz9z36gouf6do3umpdej;Preocuparse de las condiciones por áreas de servicio clínico, ejemplo, tener privacidad en las necesidades básicas del ser humano, tener un lugar donde comer, para servicios de áreas críticas.
478;182b94bbf3e21e2b;ukirm64g37zx8y2ve1ukirm648h3afpi;"Mejorar los tiempos entre pabellon y pabellon 
Capacitación para el personal de acuerdo al area en que desempeña funciones
Preocupacion por la salud mental de los trabajadores 
Mejoramiento de condiciones laborales (ya sea a nivel de sueldos , asi como un lugar de descanso aceptable)
Dar tiempos para poder personalizar la atencion en el preoperatorio"
479;b3a50439f26221b1;opml8m14z5vxja4wkopml80zp7nnav8m;Mejorar las colaciones nocturnas
480;7fb5a057a0786af0;vx0sfxb8qoiu5v69o3bvx0sfxbwoutkd;no propongo cambios
481;cc02070b789d39ce;5yi11p11enolb5e8p5yi11h0ev13722y;Subir el sueldo
482;40d4c91df7fd9cda;94u7wl63ucv1tukkuz94u7wahiiuqry0;Subir sueldos
483;14461adb8a9eca21;rajo8uqr02nyax1n5rajo8erquija2ad;.
484;c859e2a2d0161367;y9o0t7n1hg435flgxcl5ty9o0t7nakpf;Considero que falta mucho que avanzar respecto a la calidez del personal y el trato con sus mismos compañeros, en el poco tiempo que llevo he visto mucha competencia. Respecto a infraestructura, considero que pabellón se queda muy al debe, el espacio es muy reducido en relación al flujo de pacientes que se tiene diariamente, encuentro insólito que el área que está originalmente destinada a post operatorio se deba compartir para funcionar como un pre operatorio e incluso un área para mantener a usuarios de atención ambulatoria.
485;851dd11bc127433b;a4itmno806hipt7a4i7tj4v9bs0ubbu8;Mejorar infraestructura
486;84ef1dbc74b7a020;fi7fewampax389yqfi7fedvugm7ivlq9;darle agua de melissa a algunos doc y colaboradores de la empresa
487;baeb40592340e71a;wvxurgjdmowct6bo8wvxurg8fz9rdz75;Si es posible aumentar los sueldos
488;787a4d3ce8dc4392;tsyuekak1jh7d9tkatsyue9ibmk0ccxd;Se debiese considerar la posibilidad de implementar espacios de charlas abiertas a los colaboradores con el fin de proporcionar mayores conocimientos clínicos a trabajadores nuevos como es mi caso. Con el finde proporcionar un mejor servicio a los clientes.
489;fce3c2f39f9f1815;7w4lzhmfqzm2ral7w4lzr4myobfflv3b;Supervisar constantemente a los supervisores ya qué hay personas que no trabajan o no son eficientes y porque se hacen los o las simpáticas con los o las supervisores/as eso se pasa por alto, perjudicando y agrandando la carga laboral a las personas que realmente trabajamos
490;80e2bc12b2612987;uvr8z8x6jy1x1terc0aduvr8z8x5v8g0;Que seamos más escuchados
491;45ddd3558d1777f9;ijldlc9rrdsci3tg4bijldnrpyf3ynl2;Realizar más capacitaciones y mejorar sueldos en relación al mercado
492;c945e1a0a241c0e7;58pxei031j9dsrh58gvqdf9qji491m5y;Más incentivos laborales
493;82b177990e864b6a;77oy5z7ta0w599ire77oy5bn7gei0hma;Pagar mejores sueldos
494;2228ed6acdb33313;5mjb78dhsfdzf9zffxdl5mjb78dhmlp8;Reconocer los logros  de cada trabajador
495;d43a8cd298318751;uw0tfh5qt8r0n0euw0tfhqe531kch18h;Primero una mejora sustentable de los sueldos segundo motivación de parte de las propias jefaturas tercero motivación con bonos e incentivos
496;a93f796088bd19d0;lcamgu9plhrkiq2bzxp15lcamgu9ov9l;Mejorar los sueldos
497;7ea37a4b011010c5;0esw8tvquzr140eswbc1mm62s7esbvpu;Mejorar la remuneración teniendo en cuenta el trabajo que se realiza
498;415d60d3efa6ec18;aryb8on55s2vvjiwd2taryb8o6nbsalk;Ser mas considerados con los funcionarios y tener beneficios como por ejemplo tomar pcr todas las semanas a su personal ya que hay una alta demanda en la clinica de pcr positivos.
499;dc1bc7ffcb9bf8f0;j720gz7lm5zo5sbgixal3j720gz7lifx;Aumentar un poco el sueldo.
500;9c9809cdbee2ae23;i7o20k1pc88l8kd1ck6ri7o2a3zqkkrh;Tener mejores sueldos
501;4c2e961274392f45;pl1nxl7zuacehmtbar0ppl1nxlly4may;Mejorar los sueldos
502;8129c18e14d9e922;fn5l052i7em0p2orfn5l0nj2r59ftbgv;Mejorar los sueldos.soy tens y no estoy conforme con mi sueldo.
503;3940fad19ffea1f6;vqp45q8t7domvylok05bg5s4vqp45ddx;Mejorar la colacion
504;6b5859cdd7b92da6;upbo7bze5a7qmosiupbo7j62wyveel2r;Evitar sobrecarga laboral
505;781950df3e45b956;m1ol1ihs2m5gxjjl6dcm1ol1iogqm7rm;"Me encantaría , tener una infraestructura acordé a los más de120 años de esta clínica,realizar cursos  de relaciones laborales para mejorar atención hacia los pacientes y en mi servicio como tal exigir a los 
Médicos puntualidad en cirugías programadas ,( son pocos.,.pero los hay) esto produce cuello botella pienso que es falta respeto ,hacia otros equipos medicos.como
esto  repite !!! La. espera no mas .alla de  media hora , la clinica además debe aumentar  instrumental quirúrgico y no correr x cajas  a esterelizacion , y que hubiera reemplazo de.licencias y vacaciones,además post operado es un lugar donde es:preoperatorio, pacientes ambulatorios y esto se ve mal x sobrecarga laboral y me avergüenza  que la familia ve esto, además me duele , por los pacientes ya que.son ellos lejos mi mayor preocupación de atención ante esta prestigiosa clínica  además está tan sobrecargado post operado que aveces no hay camillas ni monitores para los pacientes que llevo de pabellón a post operado , x su estructura física y falta de personal  , no cumple  con la normas  de clínica, es lo que debemos reforzar"
506;b669bac30e3fde43;5gv37lfjw4pnq2eue335gv37bsj338ny;mejorar las relaciones interpersonales y la comunicacion para llevar a cabo un mejor trabajo y brindar una buena atencion a los pacientes.Ultimamente esto se a visto afectado por la sobre carga laboral y el no reemplazo de personal faltante.
507;f4bb60b791480bbc;a1c0a0w4gukba01nba1c0a0w8jt4iqku;Seria bueno generar instancias de reunión  y conversación entre jefaturas y profesionales, ya q esto se fue perdiendo y ya sólo existe la comunicación a través de wsp. No existe retroalimentacion. Básicamente, no hay comunicacion
508;be5c0d2d56b69dda;nxgrp0i1dpfz5nxg764723lw7r215fz7;Pagar las horas extras q trabajamos
509;2c4ca39ca3f03f1e;qyb1xsk7qrm0ta3843qyb1fbrlq6gun7;Que entre personal capacitado
510;ddf6473c067d9d64;6e2nj8evetsa7s16e2njqkg2q28nf83d;Escuchar y atender necesidades de los trabajadores
511;5dd998a6f5346422;6ezjono97qggpgxqbc6ezjonrqxxmfjq;FIJARSE MUY BIEN EN LA GENTE QUE TRAEN A TRABAJAR , HAY PERSONAS MUY MAL AGRADECIDA.
512;c4bfb351abf0a15f;upgejynuzeqxvofp7a38es3upgejy7pd;Quizás mejorar los sueldos para mejor satisfacción al personal y reconocer el trabajo de mis colegas tens.
513;e0fc0be5b046a04c;pt8g80sgc45vt5ay17rtxgpt8g80swv3;Subir los sueldos
514;9fc19b58d48b37bf;bcwb4w84pr681kljylbcwb4x5p2gnhnv;No se
515;2cc1711cd19b6d01;ju8qb27vn0m9nm6ju8q55oc18xlan1u1;Preocuparse de su personal en el sentido de desgaste laboral
516;dba7fb63b945f331;dlc9aya6mxtwkiedlc97gfv9j9mcehyq;Dar la posibilidad de rotar cuando ya no estemos cómodos en lo que hacemos
517;9795a95ae2dbbdab;71m8gf7s3ncsctqhwnh8871m8gf7s8bu;"Tener mas contacto con el personal...pero no me refiero a las ultimas visitas que hacen las jefaturas que no son mas de 5 minutos. 
Esto es muy importante de modificar. 
Ver de acuerdo al servicio que uno pertenece haya menos movimiento para poder conversar y ser escuchada."
518;fd8e651316f7eb25;ffbsnhvvortr0v2oqifffbsnh7hzroqz;Capacitar por más tiempo a las personas que vayan entrando a la institución para brindar un mejor servicio
519;052a9b613ad22c8a;5bezeknmoypof24rlsg8uy5bezeknmol;Aumentar la posibilidad de capacitación, mejorar sueldo base u otorgar la posibilidad de turno diurno en mi servicio
520;dda2f4b3a1b6bd39;hpvb626a9as1gicqg4o0ihpvb6278j3t;Darle cursos de liderazgo a los jefes
521;6937b1076ded9a12;wd3mrs2whhpv8c6l3qso6wd3mrflnit5;Mejorar los ambientes laborales y retribuirles al personal de mejor forma tanto esfuerzo
522;6cdca22d94d74054;nm5sn4c5fjxylgcs4znm5sn4owvyu4cf;MEJORAR LOS SUELDOS Y BENEFICIOS, ES LA CLINICA QUE PEOR PAGA POR LO MENOS PARA LO QUE ES MI SERVICIO
523;e048798675d41ec1;b7krui81hilj914vi2wb7kr0zdvp9ic9;"Mejorar condiciones de trabajo en servicios , en relación a supervisores de área y ambiente laboral. 
Tener reemplazos para las personas que se encuentran en vacaciones o con licencia médica,  para no sobrepasar a quienes continúan trabajando ."
524;1c6947b403e2eb1e;k2hbhuuv95zek2alhtvqenb2g1u6234u;Subir sueldo y condiciones
525;f1271be09646e915;yoblk02ozb2pv5b1ahjg4yoblj39r1tg;Preocuparse por la carga laboral y el estrés que genera en el trabajador
526;261fdda8e9eede27;le5laoaksx59adowvorle5cys9ig90d6;Pagar un sueldo digno,ya que la clínica cuenta con los medios y mejorar la infraestructura de los pabellones junto con aumentar los insumos médicos de calidad porque los pacientes no merecen insumos de tan baja calidad
527;a374bce387a7b917;3oe6031b1ow8tx5szm93oe603yxhhno7;Que sus coordinadores sean resolutivos, y quieran a su personal, que crean en ellos, ser cálido escuchar empatizar haría un mejor grupo y se llegaría a mejor y feliz rendimiento laboral,
528;84ca0de532d680ac;fzy6myyviqrprtb8vu3fzy6myyvk5k50;Valorar el trabajo de las personas y que se vea reflejado en el sueldo, además de mejorar la calidad en las comidas. Tener a personas idoneas para puestos gerenciales o de supervición mejorando la comunicación entre las partes para el cumplimiento de objetivos.
529;5076a550cdf7f841;48mljqpebb69kv7vlo548mljqpf9q3xa;Aumento de sueldo